[{"date":"03/02/2017","link":"http://www.missingkids.com/missingkids/servlet/PubCaseSearchServlet?act=viewChildDetail&LanguageCountry=en_US&searchLang=en_US&caseLang=en_US&orgPrefix=NCMC&caseNum=1291113&seqNum=1","description":"BRYAN ARANDA, Age Now: 14, Missing: 03/02/2017. Missing From HUNTINGTON PARK, CA. ANYONE HAVING INFORMATION SHOULD CONTACT: Huntington Park Police Department (California)  1-323-584-6254.","location":"HUNTINGTON PARK, CA","title":"Missing: BRYAN ARANDA (CA)"},
{"date":"05/26/2016","link":"http://www.missingkids.com/missingkids/servlet/PubCaseSearchServlet?act=viewChildDetail&LanguageCountry=en_US&searchLang=en_US&caseLang=en_US&orgPrefix=NCMC&caseNum=1290966&seqNum=1","description":"CLAUDIA MIRANDA, Age Now: 17, Missing: 05/26/2016. Missing From LOS ANGELES, CA. ANYONE HAVING INFORMATION SHOULD CONTACT: Los Angeles Police Department (California)  1-877-275-5273.","location":"LOS ANGELES, CA","title":"Missing: CLAUDIA MIRANDA (CA)"},
{"date":"02/07/2017","link":"http://www.missingkids.com/missingkids/servlet/PubCaseSearchServlet?act=viewChildDetail&LanguageCountry=en_US&searchLang=en_US&caseLang=en_US&orgPrefix=NCMC&caseNum=1290860&seqNum=1","description":"MALAYSIA KINCY, Age Now: 17, Missing: 02/07/2017. Missing From CARSON, CA. ANYONE HAVING INFORMATION SHOULD CONTACT: Los Angeles County Sheriff's Office (California) 1-310-830-1123.","location":"CARSON, CA","title":"Missing: MALAYSIA KINCY (CA)"},
{"date":"01/16/2017","link":"http://www.missingkids.com/missingkids/servlet/PubCaseSearchServlet?act=viewChildDetail&LanguageCountry=en_US&searchLang=en_US&caseLang=en_US&orgPrefix=NCMC&caseNum=1288110&seqNum=1","description":"MYLIYAH SMITH, Age Now: 14, Missing: 01/16/2017. Missing From SACRAMENTO, CA. ANYONE HAVING INFORMATION SHOULD CONTACT: Sacramento Police Department (California)  1-916-264-5471.","location":"SACRAMENTO, CA","title":"Missing: MYLIYAH SMITH (CA)"},
{"date":"02/19/2017","link":"http://www.missingkids.com/missingkids/servlet/PubCaseSearchServlet?act=viewChildDetail&LanguageCountry=en_US&searchLang=en_US&caseLang=en_US&orgPrefix=NCMC&caseNum=1290070&seqNum=1","description":"AJAHNEE SMITH-DORAN, Age Now: 17, Missing: 02/19/2017. Missing From FRESNO, CA. ANYONE HAVING INFORMATION SHOULD CONTACT: Sacramento Police Department (California) 1-916-264-5471.","location":"FRESNO, CA","title":"Missing: AJAHNEE SMITH-DORAN (CA)"},
{"date":"01/09/2017","link":"http://www.missingkids.com/missingkids/servlet/PubCaseSearchServlet?act=viewChildDetail&LanguageCountry=en_US&searchLang=en_US&caseLang=en_US&orgPrefix=NCMC&caseNum=1287303&seqNum=1","description":"MICHELLE LEDEZMA, Age Now: 17, Missing: 01/09/2017. Missing From BELLFLOWER, CA. ANYONE HAVING INFORMATION SHOULD CONTACT: Lakewood Sheriff's Department (California) 1-562-623-3500.","location":"BELLFLOWER, CA","title":"Missing: MICHELLE LEDEZMA (CA)"},
{"date":"06/26/2011","link":"http://www.missingkids.com/missingkids/servlet/PubCaseSearchServlet?act=viewChildDetail&LanguageCountry=en_US&searchLang=en_US&caseLang=en_US&orgPrefix=NCMC&caseNum=1198303&seqNum=1","description":"JOANA HERNANDEZ, Age Now: 21, Missing: 06/26/2011. Missing From LOS ANGELES, CA. ANYONE HAVING INFORMATION SHOULD CONTACT: Los Angeles Police Department  (California)  1-877-275-5273.","location":"LOS ANGELES, CA","title":"Missing: JOANA HERNANDEZ (CA)"},
{"date":"03/04/2017","link":"http://www.missingkids.com/missingkids/servlet/PubCaseSearchServlet?act=viewChildDetail&LanguageCountry=en_US&searchLang=en_US&caseLang=en_US&orgPrefix=NCMC&caseNum=1290571&seqNum=1","description":"MIKAYLA PALM, Age Now: 16, Missing: 03/04/2017. Missing From CORONA, CA. ANYONE HAVING INFORMATION SHOULD CONTACT: Riverside County Sheriff's Office (California) 1-951-776-1099.","location":"CORONA, CA","title":"Missing: MIKAYLA PALM (CA)"},
{"date":"03/06/2017","link":"http://www.missingkids.com/missingkids/servlet/PubCaseSearchServlet?act=viewChildDetail&LanguageCountry=en_US&searchLang=en_US&caseLang=en_US&orgPrefix=NCMC&caseNum=1290828&seqNum=1","description":"CHEYENNE PERRY, Age Now: 13, Missing: 03/06/2017. Missing From COVINA, CA. ANYONE HAVING INFORMATION SHOULD CONTACT: Los Angeles County Sheriff's Office (California) 1-909-450-2700.","location":"COVINA, CA","title":"Missing: CHEYENNE PERRY (CA)"},
{"date":"03/06/2017","link":"http://www.missingkids.com/missingkids/servlet/PubCaseSearchServlet?act=viewChildDetail&LanguageCountry=en_US&searchLang=en_US&caseLang=en_US&orgPrefix=NCMC&caseNum=1290734&seqNum=1","description":"ROBERTO OSORIO, Age Now: 17, Missing: 03/06/2017. Missing From VAN NUYS, CA. ANYONE HAVING INFORMATION SHOULD CONTACT: Los Angeles Police Department (California) 1-877-275-5273.","location":"VAN NUYS, CA","title":"Missing: ROBERTO OSORIO (CA)"},
{"date":"02/13/2017","link":"http://www.missingkids.com/missingkids/servlet/PubCaseSearchServlet?act=viewChildDetail&LanguageCountry=en_US&searchLang=en_US&caseLang=en_US&orgPrefix=NCMC&caseNum=1290370&seqNum=1","description":"ROSA ZAMUDIO, Age Now: 14, Missing: 02/13/2017. Missing From LOS ANGELES, CA. ANYONE HAVING INFORMATION SHOULD CONTACT: Los Angeles Police Department (California) 1-877-275-5273.","location":"LOS ANGELES, CA","title":"Missing: ROSA ZAMUDIO (CA)"},
{"date":"01/21/2017","link":"http://www.missingkids.com/missingkids/servlet/PubCaseSearchServlet?act=viewChildDetail&LanguageCountry=en_US&searchLang=en_US&caseLang=en_US&orgPrefix=NCMC&caseNum=1290265&seqNum=1","description":"MELANNY CASTILLO, Age Now: 17, Missing: 01/21/2017. Missing From RESEDA, CA. ANYONE HAVING INFORMATION SHOULD CONTACT: Los Angeles Police Department (California) 1-877-275-5273.","location":"RESEDA, CA","title":"Missing: MELANNY CASTILLO (CA)"},
{"date":"01/30/2017","link":"http://www.missingkids.com/missingkids/servlet/PubCaseSearchServlet?act=viewChildDetail&LanguageCountry=en_US&searchLang=en_US&caseLang=en_US&orgPrefix=NCMC&caseNum=1287755&seqNum=1","description":"YAJAIRA CRUZ-VANEGAS, Age Now: 16, Missing: 01/30/2017. Missing From SYLMAR, CA. ANYONE HAVING INFORMATION SHOULD CONTACT: Los Angeles Police Department (California) 1-877-275-5273.","location":"SYLMAR, CA","title":"Missing: YAJAIRA CRUZ-VANEGAS (CA)"},
{"date":"06/08/2014","link":"http://www.missingkids.com/missingkids/servlet/PubCaseSearchServlet?act=viewChildDetail&LanguageCountry=en_US&searchLang=en_US&caseLang=en_US&orgPrefix=NCMC&caseNum=1246194&seqNum=1","description":"CHRISTINA PONCE, Age Now: 19, Missing: 06/08/2014. Missing From LOS ANGELES, CA. ANYONE HAVING INFORMATION SHOULD CONTACT: Los Angeles Police Department (California) 1-213-485-2582.","location":"LOS ANGELES, CA","title":"Missing: CHRISTINA PONCE (CA)"},
{"date":"11/15/2016","link":"http://www.missingkids.com/missingkids/servlet/PubCaseSearchServlet?act=viewChildDetail&LanguageCountry=en_US&searchLang=en_US&caseLang=en_US&orgPrefix=NCMC&caseNum=1284258&seqNum=1","description":"REBECCA POLANCO, Age Now: 15, Missing: 11/15/2016. Missing From NORTH HILLS, CA. ANYONE HAVING INFORMATION SHOULD CONTACT: Los Angeles Police Department (California)  1-877-275-5273.","location":"NORTH HILLS, CA","title":"Missing: REBECCA POLANCO (CA)"},
{"date":"01/31/2017","link":"http://www.missingkids.com/missingkids/servlet/PubCaseSearchServlet?act=viewChildDetail&LanguageCountry=en_US&searchLang=en_US&caseLang=en_US&orgPrefix=NCMC&caseNum=1290240&seqNum=1","description":"ENEDINA IBARRA, Age Now: 16, Missing: 01/31/2017. Missing From NORTH HILLS, CA. ANYONE HAVING INFORMATION SHOULD CONTACT: Los Angeles Police Department (California) 1-877-727-5723.","location":"NORTH HILLS, CA","title":"Missing: ENEDINA IBARRA (CA)"},
{"date":"02/16/2017","link":"http://www.missingkids.com/missingkids/servlet/PubCaseSearchServlet?act=viewChildDetail&LanguageCountry=en_US&searchLang=en_US&caseLang=en_US&orgPrefix=NCMC&caseNum=1290065&seqNum=1","description":"LISA HARRIS, Age Now: 17, Missing: 02/16/2017. Missing From VAN NUYS, CA. ANYONE HAVING INFORMATION SHOULD CONTACT: Los Angeles Police Department (California) 1-877-275-5273.","location":"VAN NUYS, CA","title":"Missing: LISA HARRIS (CA)"},
{"date":"02/24/2017","link":"http://www.missingkids.com/missingkids/servlet/PubCaseSearchServlet?act=viewChildDetail&LanguageCountry=en_US&searchLang=en_US&caseLang=en_US&orgPrefix=NCMC&caseNum=1290463&seqNum=1","description":"DARLENE LARA, Age Now: 17, Missing: 02/24/2017. Missing From PICO RIVERA, CA. ANYONE HAVING INFORMATION SHOULD CONTACT: San Bernardino County Sheriff's Office (California) 1-909-387-3545.","location":"PICO RIVERA, CA","title":"Missing: DARLENE LARA (CA)"},
{"date":"03/02/2017","link":"http://www.missingkids.com/missingkids/servlet/PubCaseSearchServlet?act=viewChildDetail&LanguageCountry=en_US&searchLang=en_US&caseLang=en_US&orgPrefix=NCMC&caseNum=1290365&seqNum=1","description":"MICHAEL PEREZ, Age Now: 15, Missing: 03/02/2017. Missing From LOS ANGELES, CA. ANYONE HAVING INFORMATION SHOULD CONTACT: Los Angeles Police Department (California) 1-877-275-5273.","location":"LOS ANGELES, CA","title":"Missing: MICHAEL PEREZ (CA)"},
{"date":"02/18/2017","link":"http://www.missingkids.com/missingkids/servlet/PubCaseSearchServlet?act=viewChildDetail&LanguageCountry=en_US&searchLang=en_US&caseLang=en_US&orgPrefix=NCMC&caseNum=1290367&seqNum=1","description":"BRIANNA THOMAS-BURTON, Age Now: 17, Missing: 02/18/2017. Missing From SIMI VALLEY, CA. ANYONE HAVING INFORMATION SHOULD CONTACT: Simi Valley Police Department (California) 1-805-583-6950.","location":"SIMI VALLEY, CA","title":"Missing: BRIANNA THOMAS-BURTON (CA)"},
{"date":"04/29/2016","link":"http://www.missingkids.com/missingkids/servlet/PubCaseSearchServlet?act=viewChildDetail&LanguageCountry=en_US&searchLang=en_US&caseLang=en_US&orgPrefix=NCMC&caseNum=1268166&seqNum=1","description":"ANDREA JAGACKI, Age Now: 15, Missing: 04/29/2016. Missing From LAKEWOOD, CA. ANYONE HAVING INFORMATION SHOULD CONTACT: Los Angeles County Sheriff's Office (California) 1-213-229-1700.","location":"LAKEWOOD, CA","title":"Missing: ANDREA JAGACKI (CA)"},
{"date":"01/21/2017","link":"http://www.missingkids.com/missingkids/servlet/PubCaseSearchServlet?act=viewChildDetail&LanguageCountry=en_US&searchLang=en_US&caseLang=en_US&orgPrefix=NCMC&caseNum=1290304&seqNum=1","description":"BRIA TELLEZ, Age Now: 15, Missing: 01/21/2017. Missing From LOS ANGELES, CA. ANYONE HAVING INFORMATION SHOULD CONTACT: Los Angeles Police Department (California)  1-877-275-5273.","location":"LOS ANGELES, CA","title":"Missing: BRIA TELLEZ (CA)"},
{"date":"02/15/2017","link":"http://www.missingkids.com/missingkids/servlet/PubCaseSearchServlet?act=viewChildDetail&LanguageCountry=en_US&searchLang=en_US&caseLang=en_US&orgPrefix=NCMC&caseNum=1290236&seqNum=1","description":"DARONNA LOVE, Age Now: 14, Missing: 02/15/2017. Missing From LOS ANGELES, CA. ANYONE HAVING INFORMATION SHOULD CONTACT: Los Angeles Police Department (California) 1-877-275-5273.","location":"LOS ANGELES, CA","title":"Missing: DARONNA LOVE (CA)"},
{"date":"08/09/2012","link":"http://www.missingkids.com/missingkids/servlet/PubCaseSearchServlet?act=viewChildDetail&LanguageCountry=en_US&searchLang=en_US&caseLang=en_US&orgPrefix=NCMC&caseNum=1200651&seqNum=1","description":"CHRISTINA CONWAY, Age Now: 10, Missing: 08/09/2012. Missing From LEMOORE, CA. ANYONE HAVING INFORMATION SHOULD CONTACT: Lemoore Police Department (California)  1-559-924-5333.","location":"LEMOORE, CA","title":"Missing: CHRISTINA CONWAY (CA)"},
{"date":"02/13/2017","link":"http://www.missingkids.com/missingkids/servlet/PubCaseSearchServlet?act=viewChildDetail&LanguageCountry=en_US&searchLang=en_US&caseLang=en_US&orgPrefix=NCMC&caseNum=1290369&seqNum=1","description":"JESSICA HAMPTON, Age Now: 14, Missing: 02/13/2017. Missing From LOS ANGELES, CA. ANYONE HAVING INFORMATION SHOULD CONTACT: Los Angeles Police Department (California) 1-877-275-5273.","location":"LOS ANGELES, CA","title":"Missing: JESSICA HAMPTON (CA)"},
{"date":"12/17/2016","link":"http://www.missingkids.com/missingkids/servlet/PubCaseSearchServlet?act=viewChildDetail&LanguageCountry=en_US&searchLang=en_US&caseLang=en_US&orgPrefix=NCMC&caseNum=1287898&seqNum=1","description":"BETZAYDA HERNANDEZ, Age Now: 15, Missing: 12/17/2016. Missing From LOS ANGELES, CA. ANYONE HAVING INFORMATION SHOULD CONTACT: Los Angeles Police Department (California) 1-877-275-5273.","location":"LOS ANGELES, CA","title":"Missing: BETZAYDA HERNANDEZ (CA)"},
{"date":"07/05/2016","link":"http://www.missingkids.com/missingkids/servlet/PubCaseSearchServlet?act=viewChildDetail&LanguageCountry=en_US&searchLang=en_US&caseLang=en_US&orgPrefix=NCMC&caseNum=1288502&seqNum=1","description":"JOSEPH RAMIREZ, Age Now: 18, Missing: 07/05/2016. Missing From LOS ANGELES, CA. ANYONE HAVING INFORMATION SHOULD CONTACT: Los Angeles Police Department (California) 1-877-275-5273.","location":"LOS ANGELES, CA","title":"Missing: JOSEPH RAMIREZ (CA)"},
{"date":"02/27/2017","link":"http://www.missingkids.com/missingkids/servlet/PubCaseSearchServlet?act=viewChildDetail&LanguageCountry=en_US&searchLang=en_US&caseLang=en_US&orgPrefix=NCMC&caseNum=1290068&seqNum=1","description":"KAVI LOVE, Age Now: 13, Missing: 02/27/2017. Missing From SANTA CRUZ, CA. ANYONE HAVING INFORMATION SHOULD CONTACT: Santa Cruz County Sheriff's Office (California) 1-831-471-1121.","location":"SANTA CRUZ, CA","title":"Missing: KAVI LOVE (CA)"},
{"date":"12/14/2016","link":"http://www.missingkids.com/missingkids/servlet/PubCaseSearchServlet?act=viewChildDetail&LanguageCountry=en_US&searchLang=en_US&caseLang=en_US&orgPrefix=NCMC&caseNum=1287954&seqNum=1","description":"MADELEIN VILLANUEVA, Age Now: 14, Missing: 12/14/2016. Missing From SAN DIEGO, CA. ANYONE HAVING INFORMATION SHOULD CONTACT: San Diego County Sheriff's Office (California) 1-858-565-5200.","location":"SAN DIEGO, CA","title":"Missing: MADELEIN VILLANUEVA (CA)"},
{"date":"08/15/2008","link":"http://www.missingkids.com/missingkids/servlet/PubCaseSearchServlet?act=viewChildDetail&LanguageCountry=en_US&searchLang=en_US&caseLang=en_US&orgPrefix=NCMC&caseNum=1181382&seqNum=1","description":"JOSE PADILLA, Age Now: 12, Missing: 08/15/2008. Missing From SACRAMENTO, CA. ANYONE HAVING INFORMATION SHOULD CONTACT: Sacramento County Sheriff's Office  (California)  1-916-874-5128.","location":"SACRAMENTO, CA","title":"Missing: JOSE PADILLA (CA)"},
{"date":"12/22/2016","link":"http://www.missingkids.com/missingkids/servlet/PubCaseSearchServlet?act=viewChildDetail&LanguageCountry=en_US&searchLang=en_US&caseLang=en_US&orgPrefix=NCMC&caseNum=1289260&seqNum=1","description":"TAYLOR KILGORE, Age Now: 16, Missing: 12/22/2016. Missing From LOS ANGELES, CA. ANYONE HAVING INFORMATION SHOULD CONTACT: Los Angeles Police Department (California) 1-877-275-5273.","location":"LOS ANGELES, CA","title":"Missing: TAYLOR KILGORE (CA)"},
{"date":"07/21/2015","link":"http://www.missingkids.com/missingkids/servlet/PubCaseSearchServlet?act=viewChildDetail&LanguageCountry=en_US&searchLang=en_US&caseLang=en_US&orgPrefix=NCMC&caseNum=1289251&seqNum=1","description":"DONNAE GRAY, Age Now: 16, Missing: 07/21/2015. Missing From LANCASTER, CA. ANYONE HAVING INFORMATION SHOULD CONTACT: Los Angeles County Sheriff's Office (California)  1-661-948-8466.","location":"LANCASTER, CA","title":"Missing: DONNAE GRAY (CA)"},
{"date":"11/13/2016","link":"http://www.missingkids.com/missingkids/servlet/PubCaseSearchServlet?act=viewChildDetail&LanguageCountry=en_US&searchLang=en_US&caseLang=en_US&orgPrefix=NCMC&caseNum=1289445&seqNum=1","description":"ASHLEY WATTS, Age Now: 18, Missing: 11/13/2016. Missing From HAWTHORNE, CA. ANYONE HAVING INFORMATION SHOULD CONTACT: Hawthorne Police Department (California) 1-310-675-4444.","location":"HAWTHORNE, CA","title":"Missing: ASHLEY WATTS (CA)"},
{"date":"02/14/2017","link":"http://www.missingkids.com/missingkids/servlet/PubCaseSearchServlet?act=viewChildDetail&LanguageCountry=en_US&searchLang=en_US&caseLang=en_US&orgPrefix=NCMC&caseNum=1289448&seqNum=1","description":"CHRISTIAN HARRISON, Age Now: 17, Missing: 02/14/2017. Missing From VISALIA, CA. ANYONE HAVING INFORMATION SHOULD CONTACT: Tulare County Sheriff's Office (California) 1-559-636-4625.","location":"VISALIA, CA","title":"Missing: CHRISTIAN HARRISON (CA)"},
{"date":"02/23/2017","link":"http://www.missingkids.com/missingkids/servlet/PubCaseSearchServlet?act=viewChildDetail&LanguageCountry=en_US&searchLang=en_US&caseLang=en_US&orgPrefix=NCMC&caseNum=1289788&seqNum=1","description":"BRITNEY MEEKS, Age Now: 17, Missing: 02/23/2017. Missing From BALDWIN PARK, CA. ANYONE HAVING INFORMATION SHOULD CONTACT: Baldwin Park Police Department (California) 1-626-960-1955.","location":"BALDWIN PARK, CA","title":"Missing: BRITNEY MEEKS (CA)"},
{"date":"01/30/2017","link":"http://www.missingkids.com/missingkids/servlet/PubCaseSearchServlet?act=viewChildDetail&LanguageCountry=en_US&searchLang=en_US&caseLang=en_US&orgPrefix=NCMC&caseNum=1290031&seqNum=1","description":"JOSHUA JOHNSON, Age Now: 15, Missing: 01/30/2017. Missing From MISSION HILLS, CA. ANYONE HAVING INFORMATION SHOULD CONTACT: Los Angeles Police Department (California) 1-877-275-5273.","location":"MISSION HILLS, CA","title":"Missing: JOSHUA JOHNSON (CA)"},
{"date":"01/21/2017","link":"http://www.missingkids.com/missingkids/servlet/PubCaseSearchServlet?act=viewChildDetail&LanguageCountry=en_US&searchLang=en_US&caseLang=en_US&orgPrefix=NCMC&caseNum=1288744&seqNum=1","description":"TROIANE LEWIS, Age Now: 14, Missing: 01/21/2017. Missing From OAKLAND, CA. ANYONE HAVING INFORMATION SHOULD CONTACT: Oakland Police Department (California) 1-510-777-3333.","location":"OAKLAND, CA","title":"Missing: TROIANE LEWIS (CA)"},
{"date":"05/29/2016","link":"http://www.missingkids.com/missingkids/servlet/PubCaseSearchServlet?act=viewChildDetail&LanguageCountry=en_US&searchLang=en_US&caseLang=en_US&orgPrefix=NCMC&caseNum=1286378&seqNum=1","description":"ANA FRANCO, Age Now: 17, Missing: 05/29/2016. Missing From BELL, CA. ANYONE HAVING INFORMATION SHOULD CONTACT: Los Angeles County Sheriff's Office (California) 1-310-605-6500.","location":"BELL, CA","title":"Missing: ANA FRANCO (CA)"},
{"date":"06/30/1994","link":"http://www.missingkids.com/missingkids/servlet/PubCaseSearchServlet?act=viewChildDetail&LanguageCountry=en_US&searchLang=en_US&caseLang=en_US&orgPrefix=NCMC&caseNum=792466&seqNum=1","description":"CRYSTAL TYMICH, Age Now: 29, Missing: 06/30/1994. Missing From LOS ANGELES, CA. ANYONE HAVING INFORMATION SHOULD CONTACT: Los Angeles Police Department (California) 1-877-275-5273.","location":"LOS ANGELES, CA","title":"Missing: CRYSTAL TYMICH (CA)"},
{"date":"04/21/2016","link":"http://www.missingkids.com/missingkids/servlet/PubCaseSearchServlet?act=viewChildDetail&LanguageCountry=en_US&searchLang=en_US&caseLang=en_US&orgPrefix=NCMC&caseNum=1289165&seqNum=1","description":"MARILYN SOROA, Age Now: 17, Missing: 04/21/2016. Missing From PASADENA, CA. ANYONE HAVING INFORMATION SHOULD CONTACT: Pasadena Police Department (California) 1-626-744-4241.","location":"PASADENA, CA","title":"Missing: MARILYN SOROA (CA)"},
{"date":"01/27/2017","link":"http://www.missingkids.com/missingkids/servlet/PubCaseSearchServlet?act=viewChildDetail&LanguageCountry=en_US&searchLang=en_US&caseLang=en_US&orgPrefix=NCMC&caseNum=1289186&seqNum=1","description":"ABIGAIL MCDONALD, Age Now: 15, Missing: 01/27/2017. Missing From PARADISE, CA. ANYONE HAVING INFORMATION SHOULD CONTACT: Paradise Police Department  (California)  1-530-872-6241.","location":"PARADISE, CA","title":"Missing: ABIGAIL MCDONALD (CA)"},
{"date":"01/14/2017","link":"http://www.missingkids.com/missingkids/servlet/PubCaseSearchServlet?act=viewChildDetail&LanguageCountry=en_US&searchLang=en_US&caseLang=en_US&orgPrefix=NCMC&caseNum=1288397&seqNum=1","description":"SADE WASHINGTON, Age Now: 15, Missing: 01/14/2017. Missing From LOS ANGELES, CA. ANYONE HAVING INFORMATION SHOULD CONTACT: Los Angeles Police Department (California) 1-877-275-5273.","location":"LOS ANGELES, CA","title":"Missing: SADE WASHINGTON (CA)"},
{"date":"01/13/2017","link":"http://www.missingkids.com/missingkids/servlet/PubCaseSearchServlet?act=viewChildDetail&LanguageCountry=en_US&searchLang=en_US&caseLang=en_US&orgPrefix=NCMC&caseNum=1288659&seqNum=1","description":"GLADYS VILLA, Age Now: 15, Missing: 01/13/2017. Missing From LAKE FOREST, CA. ANYONE HAVING INFORMATION SHOULD CONTACT: Orange County Sheriff's Office (California) 1-949-770-6011.","location":"LAKE FOREST, CA","title":"Missing: GLADYS VILLA (CA)"},
{"date":"02/21/2017","link":"http://www.missingkids.com/missingkids/servlet/PubCaseSearchServlet?act=viewChildDetail&LanguageCountry=en_US&searchLang=en_US&caseLang=en_US&orgPrefix=NCMC&caseNum=1289834&seqNum=1","description":"JAZZMIN RAMIREZ, Age Now: 15, Missing: 02/21/2017. Missing From IMPERIAL BEACH, CA. ANYONE HAVING INFORMATION SHOULD CONTACT: San Diego County Sheriff's Office (California) 1-858-565-5200.","location":"IMPERIAL BEACH, CA","title":"Missing: JAZZMIN RAMIREZ (CA)"},
{"date":"02/21/2017","link":"http://www.missingkids.com/missingkids/servlet/PubCaseSearchServlet?act=viewChildDetail&LanguageCountry=en_US&searchLang=en_US&caseLang=en_US&orgPrefix=NCMC&caseNum=1289827&seqNum=1","description":"JOSIAH HENDRIX, Age Now: 15, Missing: 02/21/2017. Missing From SAN DIEGO, CA. ANYONE HAVING INFORMATION SHOULD CONTACT: San Diego County Sheriff's Office (California) 1-858-565-5200.","location":"SAN DIEGO, CA","title":"Missing: JOSIAH HENDRIX (CA)"},
{"date":"02/17/2017","link":"http://www.missingkids.com/missingkids/servlet/PubCaseSearchServlet?act=viewChildDetail&LanguageCountry=en_US&searchLang=en_US&caseLang=en_US&orgPrefix=NCMC&caseNum=1289535&seqNum=1","description":"ZAKKARY WHITE, Age Now: 14, Missing: 02/17/2017. Missing From CAMARILLO, CA. ANYONE HAVING INFORMATION SHOULD CONTACT: Ventura County Sheriff's Office (California) 1-805-654-9511.","location":"CAMARILLO, CA","title":"Missing: ZAKKARY WHITE (CA)"},
{"date":"02/10/2017","link":"http://www.missingkids.com/missingkids/servlet/PubCaseSearchServlet?act=viewChildDetail&LanguageCountry=en_US&searchLang=en_US&caseLang=en_US&orgPrefix=NCMC&caseNum=1289710&seqNum=1","description":"KELSIE HAAG, Age Now: 17, Missing: 02/10/2017. Missing From VAN NUYS, CA. ANYONE HAVING INFORMATION SHOULD CONTACT: Los Angeles Police Department (California) 1-877-275-5273.","location":"VAN NUYS, CA","title":"Missing: KELSIE HAAG (CA)"},
{"date":"08/18/2016","link":"http://www.missingkids.com/missingkids/servlet/PubCaseSearchServlet?act=viewChildDetail&LanguageCountry=en_US&searchLang=en_US&caseLang=en_US&orgPrefix=NCMC&caseNum=1274984&seqNum=1","description":"MARCO ANTONIO OLEGARIO CASTRO US, Age Now: 18, Missing: 08/18/2016. Missing From ENCINITAS, CA. ANYONE HAVING INFORMATION SHOULD CONTACT: San Diego County Sheriff's Office (California)  1-858-565-5200.","location":"ENCINITAS, CA","title":"Missing: MARCO ANTONIO OLEGARIO CASTRO US (CA)"},
{"date":"11/03/2016","link":"http://www.missingkids.com/missingkids/servlet/PubCaseSearchServlet?act=viewChildDetail&LanguageCountry=en_US&searchLang=en_US&caseLang=en_US&orgPrefix=NCMC&caseNum=1288119&seqNum=1","description":"ISMAEL CASTELLANOS, Age Now: 16, Missing: 11/03/2016. Missing From ALTADENA, CA. ANYONE HAVING INFORMATION SHOULD CONTACT: Los Angeles County Sheriff's Office (California) 1-626-798-1131.","location":"ALTADENA, CA","title":"Missing: ISMAEL CASTELLANOS (CA)"},
{"date":"05/20/2016","link":"http://www.missingkids.com/missingkids/servlet/PubCaseSearchServlet?act=viewChildDetail&LanguageCountry=en_US&searchLang=en_US&caseLang=en_US&orgPrefix=NCMC&caseNum=1288424&seqNum=1","description":"ANAMARIZ LOPEZ-AGUIRRE, Age Now: 15, Missing: 05/20/2016. Missing From LOS ANGELES, CA. ANYONE HAVING INFORMATION SHOULD CONTACT: Los Angeles County Sheriff\u0092s Office (California) 1-213-229-1700.","location":"LOS ANGELES, CA","title":"Missing: ANAMARIZ LOPEZ-AGUIRRE (CA)"},
{"date":"01/17/2017","link":"http://www.missingkids.com/missingkids/servlet/PubCaseSearchServlet?act=viewChildDetail&LanguageCountry=en_US&searchLang=en_US&caseLang=en_US&orgPrefix=NCMC&caseNum=1287782&seqNum=1","description":"DESTINY MOORE, Age Now: 17, Missing: 01/17/2017. Missing From LOS ANGELES, CA. ANYONE HAVING INFORMATION SHOULD CONTACT: San Bernardino Police Department (California) 1-909-383-5311.","location":"LOS ANGELES, CA","title":"Missing: DESTINY MOORE (CA)"},
{"date":"01/28/2017","link":"http://www.missingkids.com/missingkids/servlet/PubCaseSearchServlet?act=viewChildDetail&LanguageCountry=en_US&searchLang=en_US&caseLang=en_US&orgPrefix=NCMC&caseNum=1289225&seqNum=1","description":"KEAIRRA TAYLOR, Age Now: 16, Missing: 01/28/2017. Missing From LANCASTER, CA. ANYONE HAVING INFORMATION SHOULD CONTACT: Los Angeles County Sheriff\u0092s Office (California) 1-661-948-8466.","location":"LANCASTER, CA","title":"Missing: KEAIRRA TAYLOR (CA)"},
{"date":"01/23/2017","link":"http://www.missingkids.com/missingkids/servlet/PubCaseSearchServlet?act=viewChildDetail&LanguageCountry=en_US&searchLang=en_US&caseLang=en_US&orgPrefix=NCMC&caseNum=1288631&seqNum=1","description":"MARIO BERRIOS, Age Now: 18, Missing: 01/23/2017. Missing From MISSION HILLS, CA. ANYONE HAVING INFORMATION SHOULD CONTACT: Los Angeles Police Department (California) 1-877-275-5273.","location":"MISSION HILLS, CA","title":"Missing: MARIO BERRIOS (CA)"},
{"date":"01/19/2017","link":"http://www.missingkids.com/missingkids/servlet/PubCaseSearchServlet?act=viewChildDetail&LanguageCountry=en_US&searchLang=en_US&caseLang=en_US&orgPrefix=NCMC&caseNum=1289184&seqNum=1","description":"KAYLEE EPPERSON, Age Now: 14, Missing: 01/19/2017. Missing From ANDERSON, CA. ANYONE HAVING INFORMATION SHOULD CONTACT: Anderson Police Department (California) 1-530-378-6600.","location":"ANDERSON, CA","title":"Missing: KAYLEE EPPERSON (CA)"},
{"date":"01/27/2017","link":"http://www.missingkids.com/missingkids/servlet/PubCaseSearchServlet?act=viewChildDetail&LanguageCountry=en_US&searchLang=en_US&caseLang=en_US&orgPrefix=NCMC&caseNum=1287840&seqNum=1","description":"JENNIFER MARCIAL, Age Now: 14, Missing: 01/27/2017. Missing From VENTURA, CA. ANYONE HAVING INFORMATION SHOULD CONTACT: Ventura Police Department (California) 1-805-650-8010.","location":"VENTURA, CA","title":"Missing: JENNIFER MARCIAL (CA)"},
{"date":"12/13/2016","link":"http://www.missingkids.com/missingkids/servlet/PubCaseSearchServlet?act=viewChildDetail&LanguageCountry=en_US&searchLang=en_US&caseLang=en_US&orgPrefix=NCMC&caseNum=1288097&seqNum=1","description":"VINEISHA HORSLEY, Age Now: 16, Missing: 12/13/2016. Missing From LA VERNE, CA. ANYONE HAVING INFORMATION SHOULD CONTACT: La Verne Police Department (California)  1-909-596-1913.","location":"LA VERNE, CA","title":"Missing: VINEISHA HORSLEY (CA)"},
{"date":"11/28/2009","link":"http://www.missingkids.com/missingkids/servlet/PubCaseSearchServlet?act=viewChildDetail&LanguageCountry=en_US&searchLang=en_US&caseLang=en_US&orgPrefix=NCMC&caseNum=1275637&seqNum=1","description":"PATRICIA TORRES, Age Now: 23, Missing: 11/28/2009. Missing From LOS ANGELES, CA. ANYONE HAVING INFORMATION SHOULD CONTACT: Los Angeles Police Department (California) 1-877-275-5273.","location":"LOS ANGELES, CA","title":"Missing: PATRICIA TORRES (CA)"},
{"date":"07/01/2013","link":"http://www.missingkids.com/missingkids/servlet/PubCaseSearchServlet?act=viewChildDetail&LanguageCountry=en_US&searchLang=en_US&caseLang=en_US&orgPrefix=NCMC&caseNum=1218665&seqNum=1","description":"NANCY LOPEZ, Age Now: 21, Missing: 07/01/2013. Missing From TULARE, CA. ANYONE HAVING INFORMATION SHOULD CONTACT: Tulare Police Department (California) 1-559-684-4290.","location":"TULARE, CA","title":"Missing: NANCY LOPEZ (CA)"},
{"date":"01/27/2017","link":"http://www.missingkids.com/missingkids/servlet/PubCaseSearchServlet?act=viewChildDetail&LanguageCountry=en_US&searchLang=en_US&caseLang=en_US&orgPrefix=NCMC&caseNum=1288637&seqNum=1","description":"A'MARIYA COOPER-SMITH, Age Now: 15, Missing: 01/27/2017. Missing From COMPTON, CA. ANYONE HAVING INFORMATION SHOULD CONTACT: Los Angeles County Sheriff's Office (California) 1-323-568-4800.","location":"COMPTON, CA","title":"Missing: A'MARIYA COOPER-SMITH (CA)"},
{"date":"01/25/2017","link":"http://www.missingkids.com/missingkids/servlet/PubCaseSearchServlet?act=viewChildDetail&LanguageCountry=en_US&searchLang=en_US&caseLang=en_US&orgPrefix=NCMC&caseNum=1288068&seqNum=1","description":"MONICA AXUME-GARCIA, Age Now: 17, Missing: 01/25/2017. Missing From ONTARIO, CA. ANYONE HAVING INFORMATION SHOULD CONTACT: Ontario Police Department (California) 1-909-395-2001.","location":"ONTARIO, CA","title":"Missing: MONICA AXUME-GARCIA (CA)"},
{"date":"08/10/2016","link":"http://www.missingkids.com/missingkids/servlet/PubCaseSearchServlet?act=viewChildDetail&LanguageCountry=en_US&searchLang=en_US&caseLang=en_US&orgPrefix=NCMC&caseNum=1284148&seqNum=1","description":"JUNE OSCAR, Age Now: 15, Missing: 08/10/2016. Missing From LA VERNE, CA. ANYONE HAVING INFORMATION SHOULD CONTACT: La Verne Police Department (California) 1-909-593-2531.","location":"LA VERNE, CA","title":"Missing: JUNE OSCAR (CA)"},
{"date":"11/04/2016","link":"http://www.missingkids.com/missingkids/servlet/PubCaseSearchServlet?act=viewChildDetail&LanguageCountry=en_US&searchLang=en_US&caseLang=en_US&orgPrefix=NCMC&caseNum=1281026&seqNum=1","description":"ELIJAH MOORE, Age Now: 17, Missing: 11/04/2016. Missing From WOODLAND, CA. ANYONE HAVING INFORMATION SHOULD CONTACT: Woodland Police Department (California) 1-530-666-2411.","location":"WOODLAND, CA","title":"Missing: ELIJAH MOORE (CA)"},
{"date":"02/16/2017","link":"http://www.missingkids.com/missingkids/servlet/PubCaseSearchServlet?act=viewChildDetail&LanguageCountry=en_US&searchLang=en_US&caseLang=en_US&orgPrefix=NCMC&caseNum=1289178&seqNum=1","description":"LUCIANA CASTLE, Age Now: 17, Missing: 02/16/2017. Missing From BERKELEY, CA. ANYONE HAVING INFORMATION SHOULD CONTACT: Berkeley Police Department (California) 1-510-981-5900.","location":"BERKELEY, CA","title":"Missing: LUCIANA CASTLE (CA)"},
{"date":"01/09/2009","link":"http://www.missingkids.com/missingkids/servlet/PubCaseSearchServlet?act=viewChildDetail&LanguageCountry=en_US&searchLang=en_US&caseLang=en_US&orgPrefix=NCMC&caseNum=1240895&seqNum=1","description":"ALEXANDER RIFFENBURG, Age Now: 9, Missing: 01/09/2009. Missing From PALMDALE, CA. ANYONE HAVING INFORMATION SHOULD CONTACT: Los Angeles Police Department (California) 1-877-275-5273.","location":"PALMDALE, CA","title":"Missing: ALEXANDER RIFFENBURG (CA)"},
{"date":"02/02/2017","link":"http://www.missingkids.com/missingkids/servlet/PubCaseSearchServlet?act=viewChildDetail&LanguageCountry=en_US&searchLang=en_US&caseLang=en_US&orgPrefix=NCMC&caseNum=1288069&seqNum=1","description":"JEREMIAH OSORIO, Age Now: 16, Missing: 02/02/2017. Missing From BAKERSFIELD, CA. ANYONE HAVING INFORMATION SHOULD CONTACT: Bakersfield Police Department  (California)  1-661-327-711.","location":"BAKERSFIELD, CA","title":"Missing: JEREMIAH OSORIO (CA)"},
{"date":"01/12/2017","link":"http://www.missingkids.com/missingkids/servlet/PubCaseSearchServlet?act=viewChildDetail&LanguageCountry=en_US&searchLang=en_US&caseLang=en_US&orgPrefix=NCMC&caseNum=1288863&seqNum=1","description":"CLEOPATRA LUCERO, Age Now: 17, Missing: 01/12/2017. Missing From LA VERNE, CA. ANYONE HAVING INFORMATION SHOULD CONTACT: La Verne Police Department (California) 1-909-596-1913.","location":"LA VERNE, CA","title":"Missing: CLEOPATRA LUCERO (CA)"},
{"date":"01/20/2017","link":"http://www.missingkids.com/missingkids/servlet/PubCaseSearchServlet?act=viewChildDetail&LanguageCountry=en_US&searchLang=en_US&caseLang=en_US&orgPrefix=NCMC&caseNum=1287991&seqNum=1","description":"NICOLE JOHNSON, Age Now: 15, Missing: 01/20/2017. Missing From WINNETKA, CA. ANYONE HAVING INFORMATION SHOULD CONTACT: Los Angeles Police Department (California) 1-877-275-5273.","location":"WINNETKA, CA","title":"Missing: NICOLE JOHNSON (CA)"},
{"date":"11/03/2016","link":"http://www.missingkids.com/missingkids/servlet/PubCaseSearchServlet?act=viewChildDetail&LanguageCountry=en_US&searchLang=en_US&caseLang=en_US&orgPrefix=NCMC&caseNum=1284128&seqNum=1","description":"MAKAYLA HINES, Age Now: 17, Missing: 11/03/2016. Missing From REDWOOD CITY, CA. ANYONE HAVING INFORMATION SHOULD CONTACT: Sacramento County Sheriff's Office (California) 1-916-874-5115.","location":"REDWOOD CITY, CA","title":"Missing: MAKAYLA HINES (CA)"},
{"date":"01/12/2017","link":"http://www.missingkids.com/missingkids/servlet/PubCaseSearchServlet?act=viewChildDetail&LanguageCountry=en_US&searchLang=en_US&caseLang=en_US&orgPrefix=NCMC&caseNum=1288034&seqNum=1","description":"FRANCHESCA GORRITZ, Age Now: 18, Missing: 01/12/2017. Missing From TORRANCE, CA. ANYONE HAVING INFORMATION SHOULD CONTACT: Torrance Police Department (California) 1-310-618-5641.","location":"TORRANCE, CA","title":"Missing: FRANCHESCA GORRITZ (CA)"},
{"date":"05/18/2016","link":"http://www.missingkids.com/missingkids/servlet/PubCaseSearchServlet?act=viewChildDetail&LanguageCountry=en_US&searchLang=en_US&caseLang=en_US&orgPrefix=NCMC&caseNum=1288107&seqNum=1","description":"JASMANE STANDFORD, Age Now: 16, Missing: 05/18/2016. Missing From SACRAMENTO, CA. ANYONE HAVING INFORMATION SHOULD CONTACT: City of Sacramento Police Department (California) 1-916-264-5471.","location":"SACRAMENTO, CA","title":"Missing: JASMANE STANDFORD (CA)"},
{"date":"12/21/2016","link":"http://www.missingkids.com/missingkids/servlet/PubCaseSearchServlet?act=viewChildDetail&LanguageCountry=en_US&searchLang=en_US&caseLang=en_US&orgPrefix=NCMC&caseNum=1285550&seqNum=1","description":"FRANKIE LINDSEY, Age Now: 16, Missing: 12/21/2016. Missing From OXNARD, CA. ANYONE HAVING INFORMATION SHOULD CONTACT: Oxnard Police Department (California) 1-805-385-7740.","location":"OXNARD, CA","title":"Missing: FRANKIE LINDSEY (CA)"},
{"date":"01/14/2017","link":"http://www.missingkids.com/missingkids/servlet/PubCaseSearchServlet?act=viewChildDetail&LanguageCountry=en_US&searchLang=en_US&caseLang=en_US&orgPrefix=NCMC&caseNum=1288361&seqNum=1","description":"ANTHONY CAUDILLO, Age Now: 16, Missing: 01/14/2017. Missing From NORTH HILLS, CA. ANYONE HAVING INFORMATION SHOULD CONTACT: Los Angeles Police Department (California)  1-877-275-5273.","location":"NORTH HILLS, CA","title":"Missing: ANTHONY CAUDILLO (CA)"},
{"date":"01/14/2017","link":"http://www.missingkids.com/missingkids/servlet/PubCaseSearchServlet?act=viewChildDetail&LanguageCountry=en_US&searchLang=en_US&caseLang=en_US&orgPrefix=NCMC&caseNum=1287962&seqNum=1","description":"VICTORIA MEDINA, Age Now: 16, Missing: 01/14/2017. Missing From NORTH HILLS, CA. ANYONE HAVING INFORMATION SHOULD CONTACT: Los Angeles Police Department (California) 1-877-275-5273.","location":"NORTH HILLS, CA","title":"Missing: VICTORIA MEDINA (CA)"},
{"date":"09/19/2016","link":"http://www.missingkids.com/missingkids/servlet/PubCaseSearchServlet?act=viewChildDetail&LanguageCountry=en_US&searchLang=en_US&caseLang=en_US&orgPrefix=NCMC&caseNum=1284180&seqNum=1","description":"DESTINY PRONTO, Age Now: 16, Missing: 09/19/2016. Missing From SAN FERNANDO, CA. ANYONE HAVING INFORMATION SHOULD CONTACT: Los Angeles Police Department (California) 1-877-275-5273.","location":"SAN FERNANDO, CA","title":"Missing: DESTINY PRONTO (CA)"},
{"date":"08/28/2016","link":"http://www.missingkids.com/missingkids/servlet/PubCaseSearchServlet?act=viewChildDetail&LanguageCountry=en_US&searchLang=en_US&caseLang=en_US&orgPrefix=NCMC&caseNum=1275546&seqNum=1","description":"JOSE CANACA ZUNIGA, Age Now: 17, Missing: 08/28/2016. Missing From LOS ANGELES, CA. ANYONE HAVING INFORMATION SHOULD CONTACT: University of California Police Department (California) 1-310-825-1491.","location":"LOS ANGELES, CA","title":"Missing: JOSE CANACA ZUNIGA (CA)"},
{"date":"01/25/2017","link":"http://www.missingkids.com/missingkids/servlet/PubCaseSearchServlet?act=viewChildDetail&LanguageCountry=en_US&searchLang=en_US&caseLang=en_US&orgPrefix=NCMC&caseNum=1287750&seqNum=1","description":"GISELLE DIAZ, Age Now: 15, Missing: 01/25/2017. Missing From LOS ANGELES, CA. ANYONE HAVING INFORMATION SHOULD CONTACT: Los Angeles Police Department (California)  1-877-275-5273.","location":"LOS ANGELES, CA","title":"Missing: GISELLE DIAZ (CA)"},
{"date":"01/31/2017","link":"http://www.missingkids.com/missingkids/servlet/PubCaseSearchServlet?act=viewChildDetail&LanguageCountry=en_US&searchLang=en_US&caseLang=en_US&orgPrefix=NCMC&caseNum=1287734&seqNum=1","description":"RANDY MORENO, Age Now: 15, Missing: 01/31/2017. Missing From ONTARIO, CA. ANYONE HAVING INFORMATION SHOULD CONTACT: Ontario Police Department (California) 1-909-986-6711.","location":"ONTARIO, CA","title":"Missing: RANDY MORENO (CA)"},
{"date":"09/26/2016","link":"http://www.missingkids.com/missingkids/servlet/PubCaseSearchServlet?act=viewChildDetail&LanguageCountry=en_US&searchLang=en_US&caseLang=en_US&orgPrefix=NCMC&caseNum=1286931&seqNum=1","description":"VERONICA COLLINS, Age Now: 17, Missing: 09/26/2016. Missing From MURRIETA, CA. ANYONE HAVING INFORMATION SHOULD CONTACT: Murrieta Police Department (California) 1-951-696-3615.","location":"MURRIETA, CA","title":"Missing: VERONICA COLLINS (CA)"},
{"date":"12/26/2016","link":"http://www.missingkids.com/missingkids/servlet/PubCaseSearchServlet?act=viewChildDetail&LanguageCountry=en_US&searchLang=en_US&caseLang=en_US&orgPrefix=NCMC&caseNum=1285221&seqNum=1","description":"JEFFRY ALMARAZ-LARIOS, Age Now: 15, Missing: 12/26/2016. Missing From VAN NUYS, CA. ANYONE HAVING INFORMATION SHOULD CONTACT: Los Angeles Police Department (California)  1-877-275-5273.","location":"VAN NUYS, CA","title":"Missing: JEFFRY ALMARAZ-LARIOS (CA)"},
{"date":"04/07/1999","link":"http://www.missingkids.com/missingkids/servlet/PubCaseSearchServlet?act=viewChildDetail&LanguageCountry=en_US&searchLang=en_US&caseLang=en_US&orgPrefix=NCMC&caseNum=924021&seqNum=1","description":"LEONID JACOBSON, Age Now: 21, Missing: 04/07/1999. Missing From SAN FRANCISCO, CA. ANYONE HAVING INFORMATION SHOULD CONTACT: San Francisco District Attorney's Office (California)  1-415-551-9553 or Your Local FBI.","location":"SAN FRANCISCO, CA","title":"Missing: LEONID JACOBSON (CA)"},
{"date":"10/06/2016","link":"http://www.missingkids.com/missingkids/servlet/PubCaseSearchServlet?act=viewChildDetail&LanguageCountry=en_US&searchLang=en_US&caseLang=en_US&orgPrefix=NCMC&caseNum=1287911&seqNum=1","description":"VANESSA LINARES, Age Now: 17, Missing: 10/06/2016. Missing From RIALTO, CA. ANYONE HAVING INFORMATION SHOULD CONTACT: Rialto Police Department (California)  1-909-820-2550.","location":"RIALTO, CA","title":"Missing: VANESSA LINARES (CA)"},
{"date":"12/18/2016","link":"http://www.missingkids.com/missingkids/servlet/PubCaseSearchServlet?act=viewChildDetail&LanguageCountry=en_US&searchLang=en_US&caseLang=en_US&orgPrefix=NCMC&caseNum=1284881&seqNum=1","description":"ZIASHIA SCARBROUGH, Age Now: 15, Missing: 12/18/2016. Missing From SANTA ROSA, CA. ANYONE HAVING INFORMATION SHOULD CONTACT: Santa Rosa Police Department (California) 1-707-543-3600.","location":"SANTA ROSA, CA","title":"Missing: ZIASHIA SCARBROUGH (CA)"},
{"date":"12/09/2016","link":"http://www.missingkids.com/missingkids/servlet/PubCaseSearchServlet?act=viewChildDetail&LanguageCountry=en_US&searchLang=en_US&caseLang=en_US&orgPrefix=NCMC&caseNum=1286657&seqNum=1","description":"TASHON LOGAN, Age Now: 17, Missing: 12/09/2016. Missing From SAN DIMAS, CA. ANYONE HAVING INFORMATION SHOULD CONTACT: Los Angeles County Sheriff's Department (California) 1-909-450-2700.","location":"SAN DIMAS, CA","title":"Missing: TASHON LOGAN (CA)"},
{"date":"01/28/2017","link":"http://www.missingkids.com/missingkids/servlet/PubCaseSearchServlet?act=viewChildDetail&LanguageCountry=en_US&searchLang=en_US&caseLang=en_US&orgPrefix=NCMC&caseNum=1287661&seqNum=1","description":"ALEYCIA CANON, Age Now: 16, Missing: 01/28/2017. Missing From PITTSBURG, CA. ANYONE HAVING INFORMATION SHOULD CONTACT: Pittsburgh Police Department (California) 1-925-646-2441.","location":"PITTSBURG, CA","title":"Missing: ALEYCIA CANON (CA)"},
{"date":"01/09/2017","link":"http://www.missingkids.com/missingkids/servlet/PubCaseSearchServlet?act=viewChildDetail&LanguageCountry=en_US&searchLang=en_US&caseLang=en_US&orgPrefix=NCMC&caseNum=1287079&seqNum=1","description":"YARELI CORIA, Age Now: 17, Missing: 01/09/2017. Missing From MODESTO, CA. ANYONE HAVING INFORMATION SHOULD CONTACT: Modesto Police Department (California) 1-209-572-9500.","location":"MODESTO, CA","title":"Missing: YARELI CORIA (CA)"},
{"date":"12/20/2016","link":"http://www.missingkids.com/missingkids/servlet/PubCaseSearchServlet?act=viewChildDetail&LanguageCountry=en_US&searchLang=en_US&caseLang=en_US&orgPrefix=NCMC&caseNum=1287478&seqNum=1","description":"SABRINA BORGEN, Age Now: 15, Missing: 12/20/2016. Missing From LIVERMORE, CA. ANYONE HAVING INFORMATION SHOULD CONTACT: Livermore Police Department (California)  1-925-371-4900.","location":"LIVERMORE, CA","title":"Missing: SABRINA BORGEN (CA)"},
{"date":"10/30/2016","link":"http://www.missingkids.com/missingkids/servlet/PubCaseSearchServlet?act=viewChildDetail&LanguageCountry=en_US&searchLang=en_US&caseLang=en_US&orgPrefix=NCMC&caseNum=1286193&seqNum=1","description":"RHIANNON WOLFORD, Age Now: 1, Missing: 10/30/2016. Missing From SYLMAR, CA. ANYONE HAVING INFORMATION SHOULD CONTACT: Los Angeles Police Department (California)  1-877-275-5273.","location":"SYLMAR, CA","title":"Missing: RHIANNON WOLFORD (CA)"},
{"date":"12/23/2016","link":"http://www.missingkids.com/missingkids/servlet/PubCaseSearchServlet?act=viewChildDetail&LanguageCountry=en_US&searchLang=en_US&caseLang=en_US&orgPrefix=NCMC&caseNum=1286822&seqNum=1","description":"JACINTO ABEL BRITO SOLIS, Age Now: 14, Missing: 12/23/2016. Missing From PANORAMA CITY, CA. ANYONE HAVING INFORMATION SHOULD CONTACT: Los Angeles Police Department (California)  1-877-275-5273.","location":"PANORAMA CITY, CA","title":"Missing: JACINTO ABEL BRITO SOLIS (CA)"},
{"date":"07/28/2016","link":"http://www.missingkids.com/missingkids/servlet/PubCaseSearchServlet?act=viewChildDetail&LanguageCountry=en_US&searchLang=en_US&caseLang=en_US&orgPrefix=NCMC&caseNum=1275798&seqNum=1","description":"SARA CILANI, Age Now: 4, Missing: 07/28/2016. Missing From REDONDO BEACH, CA. ANYONE HAVING INFORMATION SHOULD CONTACT: Redondo Beach Police Department (California) 1-310-379-5411 or the nearest U.S. Embassy or Consulate.","location":"REDONDO BEACH, CA","title":"Missing: SARA CILANI (CA)"},
{"date":"12/18/2016","link":"http://www.missingkids.com/missingkids/servlet/PubCaseSearchServlet?act=viewChildDetail&LanguageCountry=en_US&searchLang=en_US&caseLang=en_US&orgPrefix=NCMC&caseNum=1286530&seqNum=1","description":"ABEL CORTES MCCLEAN, Age Now: 17, Missing: 12/18/2016. Missing From LOS ANGELES, CA. ANYONE HAVING INFORMATION SHOULD CONTACT: Los Angeles Police Department (California) 1-877-275-5273.","location":"LOS ANGELES, CA","title":"Missing: ABEL CORTES MCCLEAN (CA)"},
{"date":"09/09/2016","link":"http://www.missingkids.com/missingkids/servlet/PubCaseSearchServlet?act=viewChildDetail&LanguageCountry=en_US&searchLang=en_US&caseLang=en_US&orgPrefix=NCMC&caseNum=1280006&seqNum=1","description":"ASHLEY BERNAL, Age Now: 13, Missing: 09/09/2016. Missing From LOS ANGELES, CA. ANYONE HAVING INFORMATION SHOULD CONTACT: Los Angeles Police Department (California) 1-877-275-5273.","location":"LOS ANGELES, CA","title":"Missing: ASHLEY BERNAL (CA)"},
{"date":"09/26/2016","link":"http://www.missingkids.com/missingkids/servlet/PubCaseSearchServlet?act=viewChildDetail&LanguageCountry=en_US&searchLang=en_US&caseLang=en_US&orgPrefix=NCMC&caseNum=1283026&seqNum=1","description":"CLOEY CORSARO, Age Now: 15, Missing: 09/26/2016. Missing From YUCAIPA, CA. ANYONE HAVING INFORMATION SHOULD CONTACT: San Bernardino County Sheriff's Department (California) 1-909-918-2305.","location":"YUCAIPA, CA","title":"Missing: CLOEY CORSARO (CA)"},
{"date":"01/05/2017","link":"http://www.missingkids.com/missingkids/servlet/PubCaseSearchServlet?act=viewChildDetail&LanguageCountry=en_US&searchLang=en_US&caseLang=en_US&orgPrefix=NCMC&caseNum=1286248&seqNum=1","description":"SARA CORDOVA, Age Now: 15, Missing: 01/05/2017. Missing From VAN NUYS, CA. ANYONE HAVING INFORMATION SHOULD CONTACT: Los Angeles Police Department (California) 1-877-275-5273.","location":"VAN NUYS, CA","title":"Missing: SARA CORDOVA (CA)"},
{"date":"12/21/2016","link":"http://www.missingkids.com/missingkids/servlet/PubCaseSearchServlet?act=viewChildDetail&LanguageCountry=en_US&searchLang=en_US&caseLang=en_US&orgPrefix=NCMC&caseNum=1286912&seqNum=1","description":"SHANE AVERY, Age Now: 17, Missing: 12/21/2016. Missing From LOS ANGELES, CA. ANYONE HAVING INFORMATION SHOULD CONTACT: Los Angeles Police Department (California) 1-877-275-5273.","location":"LOS ANGELES, CA","title":"Missing: SHANE AVERY (CA)"},
{"date":"04/25/2002","link":"http://www.missingkids.com/missingkids/servlet/PubCaseSearchServlet?act=viewChildDetail&LanguageCountry=en_US&searchLang=en_US&caseLang=en_US&orgPrefix=NCMC&caseNum=934331&seqNum=1","description":"JAHI TURNER, Age Now: 17, Missing: 04/25/2002. Missing From SAN DIEGO, CA. ANYONE HAVING INFORMATION SHOULD CONTACT: San Diego Police Department (California) 1-619-531-2000.","location":"SAN DIEGO, CA","title":"Missing: JAHI TURNER (CA)"},
{"date":"01/23/2017","link":"http://www.missingkids.com/missingkids/servlet/PubCaseSearchServlet?act=viewChildDetail&LanguageCountry=en_US&searchLang=en_US&caseLang=en_US&orgPrefix=NCMC&caseNum=1287167&seqNum=1","description":"LEAH WILLIAMS, Age Now: 16, Missing: 01/23/2017. Missing From LOS ANGELES, CA. ANYONE HAVING INFORMATION SHOULD CONTACT: Los Angeles Police Department (California) 1-877-275-5273.","location":"LOS ANGELES, CA","title":"Missing: LEAH WILLIAMS (CA)"},
{"date":"01/16/2017","link":"http://www.missingkids.com/missingkids/servlet/PubCaseSearchServlet?act=viewChildDetail&LanguageCountry=en_US&searchLang=en_US&caseLang=en_US&orgPrefix=NCMC&caseNum=1286670&seqNum=1","description":"KATHERINE SOLORIO, Age Now: 15, Missing: 01/16/2017. Missing From PACOIMA, CA. ANYONE HAVING INFORMATION SHOULD CONTACT: Los Angeles Police Department (California) 1-877-275-5273.","location":"PACOIMA, CA","title":"Missing: KATHERINE SOLORIO (CA)"},
{"date":"01/13/2017","link":"http://www.missingkids.com/missingkids/servlet/PubCaseSearchServlet?act=viewChildDetail&LanguageCountry=en_US&searchLang=en_US&caseLang=en_US&orgPrefix=NCMC&caseNum=1286557&seqNum=1","description":"VIRGINIA HURTADO, Age Now: 14, Missing: 01/13/2017. Missing From VISALIA, CA. ANYONE HAVING INFORMATION SHOULD CONTACT: Visalia Police Department (California) 1-559-734-8116.","location":"VISALIA, CA","title":"Missing: VIRGINIA HURTADO (CA)"},
{"date":"01/06/2017","link":"http://www.missingkids.com/missingkids/servlet/PubCaseSearchServlet?act=viewChildDetail&LanguageCountry=en_US&searchLang=en_US&caseLang=en_US&orgPrefix=NCMC&caseNum=1285786&seqNum=1","description":"ALISEZAH GREEN, Age Now: 16, Missing: 01/06/2017. Missing From VAN NUYS, CA. ANYONE HAVING INFORMATION SHOULD CONTACT: Los Angeles Police Department (California) 1-877-275-5273.","location":"VAN NUYS, CA","title":"Missing: ALISEZAH GREEN (CA)"},
{"date":"10/26/2016","link":"http://www.missingkids.com/missingkids/servlet/PubCaseSearchServlet?act=viewChildDetail&LanguageCountry=en_US&searchLang=en_US&caseLang=en_US&orgPrefix=NCMC&caseNum=1285142&seqNum=1","description":"MARISSA MEDINA, Age Now: 15, Missing: 10/26/2016. Missing From LOS ANGELES, CA. ANYONE HAVING INFORMATION SHOULD CONTACT: Los Angeles Police Department (California) 1-877-275-5273.","location":"LOS ANGELES, CA","title":"Missing: MARISSA MEDINA (CA)"},
{"date":"07/04/2016","link":"http://www.missingkids.com/missingkids/servlet/PubCaseSearchServlet?act=viewChildDetail&LanguageCountry=en_US&searchLang=en_US&caseLang=en_US&orgPrefix=NCMC&caseNum=1271956&seqNum=1","description":"JOSE CRUZ, Age Now: 17, Missing: 07/04/2016. Missing From PORTERVILLE, CA. ANYONE HAVING INFORMATION SHOULD CONTACT: Tulare County Sheriff's Office  (California)  1-559-733-6218.","location":"PORTERVILLE, CA","title":"Missing: JOSE CRUZ (CA)"},
{"date":"12/30/2016","link":"http://www.missingkids.com/missingkids/servlet/PubCaseSearchServlet?act=viewChildDetail&LanguageCountry=en_US&searchLang=en_US&caseLang=en_US&orgPrefix=NCMC&caseNum=1285721&seqNum=1","description":"AHJANAE DELANEY, Age Now: 16, Missing: 12/30/2016. Missing From VAN NUYS, CA. ANYONE HAVING INFORMATION SHOULD CONTACT: Los Angeles Police Department (California) 1-877-275-5273.","location":"VAN NUYS, CA","title":"Missing: AHJANAE DELANEY (CA)"},
{"date":"07/02/2016","link":"http://www.missingkids.com/missingkids/servlet/PubCaseSearchServlet?act=viewChildDetail&LanguageCountry=en_US&searchLang=en_US&caseLang=en_US&orgPrefix=NCMC&caseNum=1286104&seqNum=1","description":"ALEX ZAVALA, Age Now: 15, Missing: 07/02/2016. Missing From ORANGE, CA. ANYONE HAVING INFORMATION SHOULD CONTACT: Orange County Sheriff's Department (California)  1-714-647-7000.","location":"ORANGE, CA","title":"Missing: ALEX ZAVALA (CA)"},
{"date":"08/02/2016","link":"http://www.missingkids.com/missingkids/servlet/PubCaseSearchServlet?act=viewChildDetail&LanguageCountry=en_US&searchLang=en_US&caseLang=en_US&orgPrefix=NCMC&caseNum=1285518&seqNum=1","description":"JOSELIN GOPAR MORALES, Age Now: 14, Missing: 08/02/2016. Missing From FONTANA, CA. ANYONE HAVING INFORMATION SHOULD CONTACT: San Bernardino County Sheriff's Office (California) 1-909-387-8313.","location":"FONTANA, CA","title":"Missing: JOSELIN GOPAR MORALES (CA)"},
{"date":"12/15/2016","link":"http://www.missingkids.com/missingkids/servlet/PubCaseSearchServlet?act=viewChildDetail&LanguageCountry=en_US&searchLang=en_US&caseLang=en_US&orgPrefix=NCMC&caseNum=1284204&seqNum=1","description":"SHAPRAY CARR, Age Now: 15, Missing: 12/15/2016. Missing From VAN NUYS, CA. ANYONE HAVING INFORMATION SHOULD CONTACT: Los Angeles Police Department (California) 1-877-275-5273.","location":"VAN NUYS, CA","title":"Missing: SHAPRAY CARR (CA)"},
{"date":"08/01/2011","link":"http://www.missingkids.com/missingkids/servlet/PubCaseSearchServlet?act=viewChildDetail&LanguageCountry=en_US&searchLang=en_US&caseLang=en_US&orgPrefix=NCMC&caseNum=1285586&seqNum=1","description":"ANDY CORTEZ, Age Now: 8, Missing: 08/01/2011. Missing From SAN FERNANDO, CA. ANYONE HAVING INFORMATION SHOULD CONTACT: San Fernando Police Department (California)  1-818-898-1267.","location":"SAN FERNANDO, CA","title":"Missing: ANDY CORTEZ (CA)"},
{"date":"08/01/2011","link":"http://www.missingkids.com/missingkids/servlet/PubCaseSearchServlet?act=viewChildDetail&LanguageCountry=en_US&searchLang=en_US&caseLang=en_US&orgPrefix=NCMC&caseNum=1285586&seqNum=2","description":"ANGIE CORTEZ, Age Now: 7, Missing: 08/01/2011. Missing From SAN FERNANDO, CA. ANYONE HAVING INFORMATION SHOULD CONTACT: San Fernando Police Department (California)  1-818-898-1267.","location":"SAN FERNANDO, CA","title":"Missing: ANGIE CORTEZ (CA)"},
{"date":"08/01/2011","link":"http://www.missingkids.com/missingkids/servlet/PubCaseSearchServlet?act=viewChildDetail&LanguageCountry=en_US&searchLang=en_US&caseLang=en_US&orgPrefix=NCMC&caseNum=1285586&seqNum=3","description":"EMELY MARTINEZ, Age Now: 13, Missing: 08/01/2011. Missing From SAN FERNANDO, CA. ANYONE HAVING INFORMATION SHOULD CONTACT: San Fernando Police Department (California)  1-818-898-1267.","location":"SAN FERNANDO, CA","title":"Missing: EMELY MARTINEZ (CA)"},
{"date":"12/17/2016","link":"http://www.missingkids.com/missingkids/servlet/PubCaseSearchServlet?act=viewChildDetail&LanguageCountry=en_US&searchLang=en_US&caseLang=en_US&orgPrefix=NCMC&caseNum=1285755&seqNum=1","description":"NOAH LEVIN, Age Now: 17, Missing: 12/17/2016. Missing From LOS ALAMITOS, CA. ANYONE HAVING INFORMATION SHOULD CONTACT: Orange County Sheriff's Department (California)  1-949-770-6011.","location":"LOS ALAMITOS, CA","title":"Missing: NOAH LEVIN (CA)"},
{"date":"06/24/2014","link":"http://www.missingkids.com/missingkids/servlet/PubCaseSearchServlet?act=viewChildDetail&LanguageCountry=en_US&searchLang=en_US&caseLang=en_US&orgPrefix=NCMC&caseNum=1234264&seqNum=1","description":"JOSHUA CORRIGAN, Age Now: 6, Missing: 06/24/2014. Missing From POMONA, CA. ANYONE HAVING INFORMATION SHOULD CONTACT: Pomona Police Department (California) 1-909-622-1241.","location":"POMONA, CA","title":"Missing: JOSHUA CORRIGAN (CA)"},
{"date":"11/15/2016","link":"http://www.missingkids.com/missingkids/servlet/PubCaseSearchServlet?act=viewChildDetail&LanguageCountry=en_US&searchLang=en_US&caseLang=en_US&orgPrefix=NCMC&caseNum=1283964&seqNum=1","description":"BRIANNA ACOSTA, Age Now: 15, Missing: 11/15/2016. Missing From PANORAMA CITY, CA. ANYONE HAVING INFORMATION SHOULD CONTACT: Los Angeles Police Department (California) 1-877-275-5273.","location":"PANORAMA CITY, CA","title":"Missing: BRIANNA ACOSTA (CA)"},
{"date":"01/09/2017","link":"http://www.missingkids.com/missingkids/servlet/PubCaseSearchServlet?act=viewChildDetail&LanguageCountry=en_US&searchLang=en_US&caseLang=en_US&orgPrefix=NCMC&caseNum=1286013&seqNum=1","description":"CIRA GORDON, Age Now: 16, Missing: 01/09/2017. Missing From SACRAMENTO, CA. ANYONE HAVING INFORMATION SHOULD CONTACT: Sacramento Police Department (California) 1-916-264-5471.","location":"SACRAMENTO, CA","title":"Missing: CIRA GORDON (CA)"},
{"date":"12/03/2016","link":"http://www.missingkids.com/missingkids/servlet/PubCaseSearchServlet?act=viewChildDetail&LanguageCountry=en_US&searchLang=en_US&caseLang=en_US&orgPrefix=NCMC&caseNum=1284547&seqNum=1","description":"GRISELDA URENA, Age Now: 17, Missing: 12/03/2016. Missing From LOS ANGELES, CA. ANYONE HAVING INFORMATION SHOULD CONTACT: Los Angeles Police Department (California) 1-877-275-5273.","location":"LOS ANGELES, CA","title":"Missing: GRISELDA URENA (CA)"},
{"date":"12/14/2016","link":"http://www.missingkids.com/missingkids/servlet/PubCaseSearchServlet?act=viewChildDetail&LanguageCountry=en_US&searchLang=en_US&caseLang=en_US&orgPrefix=NCMC&caseNum=1285132&seqNum=1","description":"ALLA ANDERSEN, Age Now: 17, Missing: 12/14/2016. Missing From NORTH HILLS, CA. ANYONE HAVING INFORMATION SHOULD CONTACT: Los Angeles Police Department (California) 1-877-275-5273.","location":"NORTH HILLS, CA","title":"Missing: ALLA ANDERSEN (CA)"},
{"date":"12/29/2016","link":"http://www.missingkids.com/missingkids/servlet/PubCaseSearchServlet?act=viewChildDetail&LanguageCountry=en_US&searchLang=en_US&caseLang=en_US&orgPrefix=NCMC&caseNum=1285736&seqNum=1","description":"SERENITY TAYLOR, Age Now: 14, Missing: 12/29/2016. Missing From PASADENA, CA. ANYONE HAVING INFORMATION SHOULD CONTACT: Los Angeles County Sheriff's Office (California) 1-626-285-7171.","location":"PASADENA, CA","title":"Missing: SERENITY TAYLOR (CA)"},
{"date":"12/30/2016","link":"http://www.missingkids.com/missingkids/servlet/PubCaseSearchServlet?act=viewChildDetail&LanguageCountry=en_US&searchLang=en_US&caseLang=en_US&orgPrefix=NCMC&caseNum=1285561&seqNum=1","description":"MBENEKA MAITHYA, Age Now: 16, Missing: 12/30/2016. Missing From MODESTO, CA. ANYONE HAVING INFORMATION SHOULD CONTACT: Modesto Police Department (California) 1-209-572-9500.","location":"MODESTO, CA","title":"Missing: MBENEKA MAITHYA (CA)"},
{"date":"12/26/2016","link":"http://www.missingkids.com/missingkids/servlet/PubCaseSearchServlet?act=viewChildDetail&LanguageCountry=en_US&searchLang=en_US&caseLang=en_US&orgPrefix=NCMC&caseNum=1285004&seqNum=1","description":"KATELYN RAMOS, Age Now: 17, Missing: 12/26/2016. Missing From HAWTHORNE, CA. ANYONE HAVING INFORMATION SHOULD CONTACT: Hawthorne Police Department (California) 1-310-349-2700.","location":"HAWTHORNE, CA","title":"Missing: KATELYN RAMOS (CA)"},
{"date":"12/20/2015","link":"http://www.missingkids.com/missingkids/servlet/PubCaseSearchServlet?act=viewChildDetail&LanguageCountry=en_US&searchLang=en_US&caseLang=en_US&orgPrefix=NCMC&caseNum=1284155&seqNum=1","description":"MAURA TAMBRIZ-TZOC, Age Now: 16, Missing: 12/20/2015. Missing From CANOGA PARK, CA. ANYONE HAVING INFORMATION SHOULD CONTACT: Los Angeles Police Department (California) 1-877-275-5273.","location":"CANOGA PARK, CA","title":"Missing: MAURA TAMBRIZ-TZOC (CA)"},
{"date":"06/28/2016","link":"http://www.missingkids.com/missingkids/servlet/PubCaseSearchServlet?act=viewChildDetail&LanguageCountry=en_US&searchLang=en_US&caseLang=en_US&orgPrefix=NCMC&caseNum=1273646&seqNum=1","description":"FLORENCIO CABRERA, Age Now: 18, Missing: 06/28/2016. Missing From LOS ANGELES, CA. ANYONE HAVING INFORMATION SHOULD CONTACT: Los Angeles Police Department (California) 1-877-275-5273.","location":"LOS ANGELES, CA","title":"Missing: FLORENCIO CABRERA (CA)"},
{"date":"10/27/2016","link":"http://www.missingkids.com/missingkids/servlet/PubCaseSearchServlet?act=viewChildDetail&LanguageCountry=en_US&searchLang=en_US&caseLang=en_US&orgPrefix=NCMC&caseNum=1284464&seqNum=1","description":"DAYJAH GRACE, Age Now: 17, Missing: 10/27/2016. Missing From LOS ANGELES, CA. ANYONE HAVING INFORMATION SHOULD CONTACT: Los Angeles Police Department (California)  1-877-275-5273.","location":"LOS ANGELES, CA","title":"Missing: DAYJAH GRACE (CA)"},
{"date":"11/14/2016","link":"http://www.missingkids.com/missingkids/servlet/PubCaseSearchServlet?act=viewChildDetail&LanguageCountry=en_US&searchLang=en_US&caseLang=en_US&orgPrefix=NCMC&caseNum=1284131&seqNum=1","description":"JUAN RAMIREZ, Age Now: 18, Missing: 11/14/2016. Missing From LOS ANGELES, CA. ANYONE HAVING INFORMATION SHOULD CONTACT: Los Angeles Police Department (California) 1-877-275-5273.","location":"LOS ANGELES, CA","title":"Missing: JUAN RAMIREZ (CA)"},
{"date":"06/08/2016","link":"http://www.missingkids.com/missingkids/servlet/PubCaseSearchServlet?act=viewChildDetail&LanguageCountry=en_US&searchLang=en_US&caseLang=en_US&orgPrefix=NCMC&caseNum=1273712&seqNum=1","description":"SABINO FOSMIRE, Age Now: 1, Missing: 06/08/2016. Missing From RICHMOND, CA. ANYONE HAVING INFORMATION SHOULD CONTACT: Contra Costa County Sheriff's Office (California) 1-925-335-1500.","location":"RICHMOND, CA","title":"Missing: SABINO FOSMIRE (CA)"},
{"date":"06/06/2016","link":"http://www.missingkids.com/missingkids/servlet/PubCaseSearchServlet?act=viewChildDetail&LanguageCountry=en_US&searchLang=en_US&caseLang=en_US&orgPrefix=NCMC&caseNum=1283378&seqNum=1","description":"ABIGAIL FERNANDEZ-ORTEGA, Age Now: 17, Missing: 06/06/2016. Missing From HAWAIIAN GARDENS, CA. ANYONE HAVING INFORMATION SHOULD CONTACT: Los Angeles County Sheriff's Office (California)  1-562-623-3500.","location":"HAWAIIAN GARDENS, CA","title":"Missing: ABIGAIL FERNANDEZ-ORTEGA (CA)"},
{"date":"09/14/2016","link":"http://www.missingkids.com/missingkids/servlet/PubCaseSearchServlet?act=viewChildDetail&LanguageCountry=en_US&searchLang=en_US&caseLang=en_US&orgPrefix=NCMC&caseNum=1280156&seqNum=1","description":"JACINTO BERNAL-CRUZ, Age Now: 15, Missing: 09/14/2016. Missing From NORTH HILLS, CA. ANYONE HAVING INFORMATION SHOULD CONTACT: Los Angeles Police Department (California)  1-877-275-5273.","location":"NORTH HILLS, CA","title":"Missing: JACINTO BERNAL-CRUZ (CA)"},
{"date":"11/23/2016","link":"http://www.missingkids.com/missingkids/servlet/PubCaseSearchServlet?act=viewChildDetail&LanguageCountry=en_US&searchLang=en_US&caseLang=en_US&orgPrefix=NCMC&caseNum=1284263&seqNum=1","description":"LUIS BRIONES, Age Now: 16, Missing: 11/23/2016. Missing From VAN NUYS, CA. ANYONE HAVING INFORMATION SHOULD CONTACT: Los Angeles Police Department (California)  1-877-275-5273.","location":"VAN NUYS, CA","title":"Missing: LUIS BRIONES (CA)"},
{"date":"04/10/2016","link":"http://www.missingkids.com/missingkids/servlet/PubCaseSearchServlet?act=viewChildDetail&LanguageCountry=en_US&searchLang=en_US&caseLang=en_US&orgPrefix=NCMC&caseNum=1266156&seqNum=1","description":"VANESSA NAJERA, Age Now: 17, Missing: 04/10/2016. Missing From FONTANA, CA. ANYONE HAVING INFORMATION SHOULD CONTACT: Fontana Police Department (California)  1-909-350-7700.","location":"FONTANA, CA","title":"Missing: VANESSA NAJERA (CA)"},
{"date":"11/14/2016","link":"http://www.missingkids.com/missingkids/servlet/PubCaseSearchServlet?act=viewChildDetail&LanguageCountry=en_US&searchLang=en_US&caseLang=en_US&orgPrefix=NCMC&caseNum=1283980&seqNum=1","description":"JONATHAN DUNPHY, Age Now: 17, Missing: 11/14/2016. Missing From LOS ANGELES, CA. ANYONE HAVING INFORMATION SHOULD CONTACT: Los Angeles Police Department (California) 1-877-275-5273.","location":"LOS ANGELES, CA","title":"Missing: JONATHAN DUNPHY (CA)"},
{"date":"11/14/2016","link":"http://www.missingkids.com/missingkids/servlet/PubCaseSearchServlet?act=viewChildDetail&LanguageCountry=en_US&searchLang=en_US&caseLang=en_US&orgPrefix=NCMC&caseNum=1283981&seqNum=1","description":"EDUARDO GONZALEZ, Age Now: 17, Missing: 11/14/2016. Missing From LOS ANGELES, CA. ANYONE HAVING INFORMATION SHOULD CONTACT: Los Angeles Police Department (California) 1-877-275-5273.","location":"LOS ANGELES, CA","title":"Missing: EDUARDO GONZALEZ (CA)"},
{"date":"10/03/2016","link":"http://www.missingkids.com/missingkids/servlet/PubCaseSearchServlet?act=viewChildDetail&LanguageCountry=en_US&searchLang=en_US&caseLang=en_US&orgPrefix=NCMC&caseNum=1282399&seqNum=1","description":"CHANTEL SPRIGGS, Age Now: 18, Missing: 10/03/2016. Missing From LOS ANGELES, CA. ANYONE HAVING INFORMATION SHOULD CONTACT: Los Angeles Police Department (California) 1-1-877-275-5273.","location":"LOS ANGELES, CA","title":"Missing: CHANTEL SPRIGGS (CA)"},
{"date":"05/20/2015","link":"http://www.missingkids.com/missingkids/servlet/PubCaseSearchServlet?act=viewChildDetail&LanguageCountry=en_US&searchLang=en_US&caseLang=en_US&orgPrefix=NCMC&caseNum=1277859&seqNum=1","description":"MARINA PEREZ, Age Now: 18, Missing: 05/20/2015. Missing From POMONA, CA. ANYONE HAVING INFORMATION SHOULD CONTACT: Long Beach Police Department (California) 1-562-435-6711.","location":"POMONA, CA","title":"Missing: MARINA PEREZ (CA)"},
{"date":"11/11/2016","link":"http://www.missingkids.com/missingkids/servlet/PubCaseSearchServlet?act=viewChildDetail&LanguageCountry=en_US&searchLang=en_US&caseLang=en_US&orgPrefix=NCMC&caseNum=1283944&seqNum=1","description":"ARLY GOMEZ, Age Now: 18, Missing: 11/11/2016. Missing From PANORAMA CITY, CA. ANYONE HAVING INFORMATION SHOULD CONTACT: Los Angeles Police Department (California) 1-877-275-5273.","location":"PANORAMA CITY, CA","title":"Missing: ARLY GOMEZ (CA)"},
{"date":"11/11/2016","link":"http://www.missingkids.com/missingkids/servlet/PubCaseSearchServlet?act=viewChildDetail&LanguageCountry=en_US&searchLang=en_US&caseLang=en_US&orgPrefix=NCMC&caseNum=1283944&seqNum=2","description":"CHRISTOPHER GOMEZ, Age Now: 2, Missing: 11/11/2016. Missing From PANORAMA CITY, CA. ANYONE HAVING INFORMATION SHOULD CONTACT: Los Angeles Police Department (California) 1-877-275-5273.","location":"PANORAMA CITY, CA","title":"Missing: CHRISTOPHER GOMEZ (CA)"},
{"date":"08/08/2016","link":"http://www.missingkids.com/missingkids/servlet/PubCaseSearchServlet?act=viewChildDetail&LanguageCountry=en_US&searchLang=en_US&caseLang=en_US&orgPrefix=NCMC&caseNum=1277960&seqNum=1","description":"FERNANDA QUINTANILLA, Age Now: 17, Missing: 08/08/2016. Missing From LOS ANGELES, CA. ANYONE HAVING INFORMATION SHOULD CONTACT: Los Angeles Police Department (California) 1-877-275-5273.","location":"LOS ANGELES, CA","title":"Missing: FERNANDA QUINTANILLA (CA)"},
{"date":"08/11/2016","link":"http://www.missingkids.com/missingkids/servlet/PubCaseSearchServlet?act=viewChildDetail&LanguageCountry=en_US&searchLang=en_US&caseLang=en_US&orgPrefix=NCMC&caseNum=1283041&seqNum=1","description":"ANDREW FLORES, Age Now: 16, Missing: 08/11/2016. Missing From LOS ANGELES, CA. ANYONE HAVING INFORMATION SHOULD CONTACT: Los Angeles Police Department (California) 1-877-275-5273.","location":"LOS ANGELES, CA","title":"Missing: ANDREW FLORES (CA)"},
{"date":"05/31/2016","link":"http://www.missingkids.com/missingkids/servlet/PubCaseSearchServlet?act=viewChildDetail&LanguageCountry=en_US&searchLang=en_US&caseLang=en_US&orgPrefix=NCMC&caseNum=1275372&seqNum=1","description":"CHRISTINE AGUIRRE, Age Now: 17, Missing: 05/31/2016. Missing From LOS ANGELES, CA. ANYONE HAVING INFORMATION SHOULD CONTACT: Los Angeles Police Department (California) 1-877-275-5273.","location":"LOS ANGELES, CA","title":"Missing: CHRISTINE AGUIRRE (CA)"},
{"date":"11/08/2016","link":"http://www.missingkids.com/missingkids/servlet/PubCaseSearchServlet?act=viewChildDetail&LanguageCountry=en_US&searchLang=en_US&caseLang=en_US&orgPrefix=NCMC&caseNum=1282951&seqNum=1","description":"STARR JONES, Age Now: 17, Missing: 11/08/2016. Missing From LOS ANGELES, CA. ANYONE HAVING INFORMATION SHOULD CONTACT: Los Angeles Police Department (California) 1-877-275-5273.","location":"LOS ANGELES, CA","title":"Missing: STARR JONES (CA)"},
{"date":"10/25/2016","link":"http://www.missingkids.com/missingkids/servlet/PubCaseSearchServlet?act=viewChildDetail&LanguageCountry=en_US&searchLang=en_US&caseLang=en_US&orgPrefix=NCMC&caseNum=1282898&seqNum=1","description":"JOSE LOPEZ, Age Now: 16, Missing: 10/25/2016. Missing From LA VERNE, CA. ANYONE HAVING INFORMATION SHOULD CONTACT: Los Angeles County Sheriff's Office (California) 1-909-450-2700.","location":"LA VERNE, CA","title":"Missing: JOSE LOPEZ (CA)"},
{"date":"09/15/2016","link":"http://www.missingkids.com/missingkids/servlet/PubCaseSearchServlet?act=viewChildDetail&LanguageCountry=en_US&searchLang=en_US&caseLang=en_US&orgPrefix=NCMC&caseNum=1277196&seqNum=1","description":"PHEONIX NGUYEN, Age Now: 17, Missing: 09/15/2016. Missing From SAN MARCOS, CA. ANYONE HAVING INFORMATION SHOULD CONTACT: San Diego County Sheriff's Office (California)  1-619-531-2000.","location":"SAN MARCOS, CA","title":"Missing: PHEONIX NGUYEN (CA)"},
{"date":"05/20/2016","link":"http://www.missingkids.com/missingkids/servlet/PubCaseSearchServlet?act=viewChildDetail&LanguageCountry=en_US&searchLang=en_US&caseLang=en_US&orgPrefix=NCMC&caseNum=1281147&seqNum=1","description":"BERTHA MEZA DE LEON, Age Now: 18, Missing: 05/20/2016. Missing From TRACY, CA. ANYONE HAVING INFORMATION SHOULD CONTACT: Tracy Police Department (California) 1-209-831-6550.","location":"TRACY, CA","title":"Missing: BERTHA MEZA DE LEON (CA)"},
{"date":"08/04/2016","link":"http://www.missingkids.com/missingkids/servlet/PubCaseSearchServlet?act=viewChildDetail&LanguageCountry=en_US&searchLang=en_US&caseLang=en_US&orgPrefix=NCMC&caseNum=1275854&seqNum=1","description":"OLVIN MARTINEZ-SEVILLA, Age Now: 18, Missing: 08/04/2016. Missing From AZUSA, CA. ANYONE HAVING INFORMATION SHOULD CONTACT: Azusa Police Department (California) 1-626-812-3200.","location":"AZUSA, CA","title":"Missing: OLVIN MARTINEZ-SEVILLA (CA)"},
{"date":"10/20/2016","link":"http://www.missingkids.com/missingkids/servlet/PubCaseSearchServlet?act=viewChildDetail&LanguageCountry=en_US&searchLang=en_US&caseLang=en_US&orgPrefix=NCMC&caseNum=1282197&seqNum=1","description":"MENA AGUIRRE, Age Now: 16, Missing: 10/20/2016. Missing From EL MONTE, CA. ANYONE HAVING INFORMATION SHOULD CONTACT: El Monte Police Department (California) 1-626-580-2110.","location":"EL MONTE, CA","title":"Missing: MENA AGUIRRE (CA)"},
{"date":"11/02/2015","link":"http://www.missingkids.com/missingkids/servlet/PubCaseSearchServlet?act=viewChildDetail&LanguageCountry=en_US&searchLang=en_US&caseLang=en_US&orgPrefix=NCMC&caseNum=1277328&seqNum=1","description":"EMILY ALMARAZ, Age Now: 16, Missing: 11/02/2015. Missing From PASADENA, CA. ANYONE HAVING INFORMATION SHOULD CONTACT: Los Angeles County Sheriff's Office (California)  1-626-285-7171.","location":"PASADENA, CA","title":"Missing: EMILY ALMARAZ (CA)"},
{"date":"11/23/2016","link":"http://www.missingkids.com/missingkids/servlet/PubCaseSearchServlet?act=viewChildDetail&LanguageCountry=en_US&searchLang=en_US&caseLang=en_US&orgPrefix=NCMC&caseNum=1282715&seqNum=1","description":"CHAYLA AMBRIZ, Age Now: 15, Missing: 11/23/2016. Missing From SAN DIEGO, CA. ANYONE HAVING INFORMATION SHOULD CONTACT: San Diego Police Department (California) 1-619-531-2000.","location":"SAN DIEGO, CA","title":"Missing: CHAYLA AMBRIZ (CA)"},
{"date":"03/09/2016","link":"http://www.missingkids.com/missingkids/servlet/PubCaseSearchServlet?act=viewChildDetail&LanguageCountry=en_US&searchLang=en_US&caseLang=en_US&orgPrefix=NCMC&caseNum=1265674&seqNum=1","description":"CARLOS MARTINEZ, Age Now: 16, Missing: 03/09/2016. Missing From PACOIMA, CA. ANYONE HAVING INFORMATION SHOULD CONTACT: Los Angeles Police Department (California) 1-877-275-5273.","location":"PACOIMA, CA","title":"Missing: CARLOS MARTINEZ (CA)"},
{"date":"04/20/2016","link":"http://www.missingkids.com/missingkids/servlet/PubCaseSearchServlet?act=viewChildDetail&LanguageCountry=en_US&searchLang=en_US&caseLang=en_US&orgPrefix=NCMC&caseNum=1276419&seqNum=1","description":"BRYAN TEJERA, Age Now: 17, Missing: 04/20/2016. Missing From LOS ANGELES, CA. ANYONE HAVING INFORMATION SHOULD CONTACT: Los Angeles Police Department (California) 1-877-275-5273.","location":"LOS ANGELES, CA","title":"Missing: BRYAN TEJERA (CA)"},
{"date":"10/10/2016","link":"http://www.missingkids.com/missingkids/servlet/PubCaseSearchServlet?act=viewChildDetail&LanguageCountry=en_US&searchLang=en_US&caseLang=en_US&orgPrefix=NCMC&caseNum=1279361&seqNum=1","description":"RUBELSY PEREZ PEREZ, Age Now: 17, Missing: 10/10/2016. Missing From STOCKTON, CA. ANYONE HAVING INFORMATION SHOULD CONTACT: Stockton Police Department (California) 1-209-937-8377.","location":"STOCKTON, CA","title":"Missing: RUBELSY PEREZ PEREZ (CA)"},
{"date":"11/09/2016","link":"http://www.missingkids.com/missingkids/servlet/PubCaseSearchServlet?act=viewChildDetail&LanguageCountry=en_US&searchLang=en_US&caseLang=en_US&orgPrefix=NCMC&caseNum=1281449&seqNum=1","description":"JOSE EQUIHUA, Age Now: 14, Missing: 11/09/2016. Missing From VAN NUYS, CA. ANYONE HAVING INFORMATION SHOULD CONTACT: Los Angeles Police Department (California) 1-877-275-5273.","location":"VAN NUYS, CA","title":"Missing: JOSE EQUIHUA (CA)"},
{"date":"10/18/2016","link":"http://www.missingkids.com/missingkids/servlet/PubCaseSearchServlet?act=viewChildDetail&LanguageCountry=en_US&searchLang=en_US&caseLang=en_US&orgPrefix=NCMC&caseNum=1280464&seqNum=1","description":"DAKOTA HELTON, Age Now: 17, Missing: 10/18/2016. Missing From POLLOCK PINES, CA. ANYONE HAVING INFORMATION SHOULD CONTACT: El Dorado County Sheriff's Office (California) 1-530-621-5655.","location":"POLLOCK PINES, CA","title":"Missing: DAKOTA HELTON (CA)"},
{"date":"09/21/2016","link":"http://www.missingkids.com/missingkids/servlet/PubCaseSearchServlet?act=viewChildDetail&LanguageCountry=en_US&searchLang=en_US&caseLang=en_US&orgPrefix=NCMC&caseNum=1282023&seqNum=1","description":"JADA PERKINS, Age Now: 16, Missing: 09/21/2016. Missing From INGLEWOOD, CA. ANYONE HAVING INFORMATION SHOULD CONTACT: Inglewood Police Department (California) 1-310-412-8771.","location":"INGLEWOOD, CA","title":"Missing: JADA PERKINS (CA)"},
{"date":"04/17/1993","link":"http://www.missingkids.com/missingkids/servlet/PubCaseSearchServlet?act=viewChildDetail&LanguageCountry=en_US&searchLang=en_US&caseLang=en_US&orgPrefix=NCMC&caseNum=779565&seqNum=1","description":"DAVID MARKO, Age Now: 27, Missing: 04/17/1993. Missing From BURBANK, CA. ANYONE HAVING INFORMATION SHOULD CONTACT: Burbank Police Department (California) 1-818-238-3000.","location":"BURBANK, CA","title":"Missing: DAVID MARKO (CA)"},
{"date":"10/07/2016","link":"http://www.missingkids.com/missingkids/servlet/PubCaseSearchServlet?act=viewChildDetail&LanguageCountry=en_US&searchLang=en_US&caseLang=en_US&orgPrefix=NCMC&caseNum=1278637&seqNum=1","description":"SARAH RATHBUN, Age Now: 17, Missing: 10/07/2016. Missing From BAKERSFIELD, CA. ANYONE HAVING INFORMATION SHOULD CONTACT: Bakersfield Police Department (California) 1-651-327-7111.","location":"BAKERSFIELD, CA","title":"Missing: SARAH RATHBUN (CA)"},
{"date":"07/18/2016","link":"http://www.missingkids.com/missingkids/servlet/PubCaseSearchServlet?act=viewChildDetail&LanguageCountry=en_US&searchLang=en_US&caseLang=en_US&orgPrefix=NCMC&caseNum=1281810&seqNum=1","description":"GABRIELLA THOMPSON, Age Now: 17, Missing: 07/18/2016. Missing From LOS ANGELES, CA. ANYONE HAVING INFORMATION SHOULD CONTACT: Los Angeles Police Department (California) 1-877-275-5273.","location":"LOS ANGELES, CA","title":"Missing: GABRIELLA THOMPSON (CA)"},
{"date":"09/14/2016","link":"http://www.missingkids.com/missingkids/servlet/PubCaseSearchServlet?act=viewChildDetail&LanguageCountry=en_US&searchLang=en_US&caseLang=en_US&orgPrefix=NCMC&caseNum=1280580&seqNum=1","description":"BERNARDINO AGUIRRE, Age Now: 15, Missing: 09/14/2016. Missing From LONG BEACH, CA. ANYONE HAVING INFORMATION SHOULD CONTACT: Long Beach Police Department (California) 1-562-435-6711.","location":"LONG BEACH, CA","title":"Missing: BERNARDINO AGUIRRE (CA)"},
{"date":"10/12/2016","link":"http://www.missingkids.com/missingkids/servlet/PubCaseSearchServlet?act=viewChildDetail&LanguageCountry=en_US&searchLang=en_US&caseLang=en_US&orgPrefix=NCMC&caseNum=1281776&seqNum=1","description":"JAMIRACLE YEARBY, Age Now: 16, Missing: 10/12/2016. Missing From ROSEMEAD, CA. ANYONE HAVING INFORMATION SHOULD CONTACT: Los Angeles County Sheriff's Department (California) 1-213-229-1700.","location":"ROSEMEAD, CA","title":"Missing: JAMIRACLE YEARBY (CA)"},
{"date":"09/22/2014","link":"http://www.missingkids.com/missingkids/servlet/PubCaseSearchServlet?act=viewChildDetail&LanguageCountry=en_US&searchLang=en_US&caseLang=en_US&orgPrefix=NCMC&caseNum=1280645&seqNum=1","description":"DAHJA PAIGE, Age Now: 19, Missing: 09/22/2014. Missing From OAKLAND, CA. ANYONE HAVING INFORMATION SHOULD CONTACT: Hayward Police Department (California) 1-510-293-7000.","location":"OAKLAND, CA","title":"Missing: DAHJA PAIGE (CA)"},
{"date":"09/26/2016","link":"http://www.missingkids.com/missingkids/servlet/PubCaseSearchServlet?act=viewChildDetail&LanguageCountry=en_US&searchLang=en_US&caseLang=en_US&orgPrefix=NCMC&caseNum=1280157&seqNum=1","description":"DANIELA JIMENEZ, Age Now: 17, Missing: 09/26/2016. Missing From NORTH HILLS, CA. ANYONE HAVING INFORMATION SHOULD CONTACT: Los Angeles Police Department  (California)  1-877-275-5273.","location":"NORTH HILLS, CA","title":"Missing: DANIELA JIMENEZ (CA)"},
{"date":"08/24/2016","link":"http://www.missingkids.com/missingkids/servlet/PubCaseSearchServlet?act=viewChildDetail&LanguageCountry=en_US&searchLang=en_US&caseLang=en_US&orgPrefix=NCMC&caseNum=1278576&seqNum=1","description":"ANACELI PELAYO, Age Now: 18, Missing: 08/24/2016. Missing From LOS ANGELES, CA. ANYONE HAVING INFORMATION SHOULD CONTACT: Los Angeles County Sheriff's Office (California) 1-323-568-4800.","location":"LOS ANGELES, CA","title":"Missing: ANACELI PELAYO (CA)"},
{"date":"11/03/2016","link":"http://www.missingkids.com/missingkids/servlet/PubCaseSearchServlet?act=viewChildDetail&LanguageCountry=en_US&searchLang=en_US&caseLang=en_US&orgPrefix=NCMC&caseNum=1281405&seqNum=1","description":"ALDEBARAN ROMERO, Age Now: 17, Missing: 11/03/2016. Missing From LOS ANGELES, CA. ANYONE HAVING INFORMATION SHOULD CONTACT: Los Angeles Police Department (California) 1-877-275-5273.","location":"LOS ANGELES, CA","title":"Missing: ALDEBARAN ROMERO (CA)"},
{"date":"10/23/2016","link":"http://www.missingkids.com/missingkids/servlet/PubCaseSearchServlet?act=viewChildDetail&LanguageCountry=en_US&searchLang=en_US&caseLang=en_US&orgPrefix=NCMC&caseNum=1280665&seqNum=1","description":"FABIAN GARCIA, Age Now: 14, Missing: 10/23/2016. Missing From VAN NUYS, CA. ANYONE HAVING INFORMATION SHOULD CONTACT: Los Angeles Police Department (California) 1-877-275-5273.","location":"VAN NUYS, CA","title":"Missing: FABIAN GARCIA (CA)"},
{"date":"11/02/2016","link":"http://www.missingkids.com/missingkids/servlet/PubCaseSearchServlet?act=viewChildDetail&LanguageCountry=en_US&searchLang=en_US&caseLang=en_US&orgPrefix=NCMC&caseNum=1281152&seqNum=1","description":"BONIFICIO LAZARO, Age Now: 15, Missing: 11/02/2016. Missing From LOS ANGELES, CA. ANYONE HAVING INFORMATION SHOULD CONTACT: Los Angeles Police Department (California) 1-877-275-5273.","location":"LOS ANGELES, CA","title":"Missing: BONIFICIO LAZARO (CA)"},
{"date":"11/05/2016","link":"http://www.missingkids.com/missingkids/servlet/PubCaseSearchServlet?act=viewChildDetail&LanguageCountry=en_US&searchLang=en_US&caseLang=en_US&orgPrefix=NCMC&caseNum=1281142&seqNum=1","description":"JESSICA MORALES, Age Now: 15, Missing: 11/05/2016. Missing From TULARE, CA. ANYONE HAVING INFORMATION SHOULD CONTACT: Tulare Police Department (California) 1-559-684-4290.","location":"TULARE, CA","title":"Missing: JESSICA MORALES (CA)"},
{"date":"11/04/2016","link":"http://www.missingkids.com/missingkids/servlet/PubCaseSearchServlet?act=viewChildDetail&LanguageCountry=en_US&searchLang=en_US&caseLang=en_US&orgPrefix=NCMC&caseNum=1281242&seqNum=1","description":"MADISON MORENO, Age Now: 15, Missing: 11/04/2016. Missing From GALT, CA. ANYONE HAVING INFORMATION SHOULD CONTACT: Sacramento County Sheriff's Department (California) 1-916-874-5115.","location":"GALT, CA","title":"Missing: MADISON MORENO (CA)"},
{"date":"09/21/2016","link":"http://www.missingkids.com/missingkids/servlet/PubCaseSearchServlet?act=viewChildDetail&LanguageCountry=en_US&searchLang=en_US&caseLang=en_US&orgPrefix=NCMC&caseNum=1281285&seqNum=1","description":"ISAAC MEJIA, Age Now: 17, Missing: 09/21/2016. Missing From LOS ANGELES, CA. ANYONE HAVING INFORMATION SHOULD CONTACT: Los Angeles Police Department (California) 1-877-275-5273.","location":"LOS ANGELES, CA","title":"Missing: ISAAC MEJIA (CA)"},
{"date":"09/30/2016","link":"http://www.missingkids.com/missingkids/servlet/PubCaseSearchServlet?act=viewChildDetail&LanguageCountry=en_US&searchLang=en_US&caseLang=en_US&orgPrefix=NCMC&caseNum=1278204&seqNum=1","description":"SHYLA STRICKLIN, Age Now: 17, Missing: 09/30/2016. Missing From VISALIA, CA. ANYONE HAVING INFORMATION SHOULD CONTACT: Visalia Police Department  (California)  1-559-734-8116.","location":"VISALIA, CA","title":"Missing: SHYLA STRICKLIN (CA)"},
{"date":"05/12/2015","link":"http://www.missingkids.com/missingkids/servlet/PubCaseSearchServlet?act=viewChildDetail&LanguageCountry=en_US&searchLang=en_US&caseLang=en_US&orgPrefix=NCMC&caseNum=1248718&seqNum=1","description":"MARY DE LOS ANGELES MEJIA, Age Now: 16, Missing: 05/12/2015. Missing From LOS ANGELES, CA. ANYONE HAVING INFORMATION SHOULD CONTACT: Los Angeles Police Department (California) 1-877-275-5273.","location":"LOS ANGELES, CA","title":"Missing: MARY DE LOS ANGELES MEJIA (CA)"},
{"date":"07/01/2015","link":"http://www.missingkids.com/missingkids/servlet/PubCaseSearchServlet?act=viewChildDetail&LanguageCountry=en_US&searchLang=en_US&caseLang=en_US&orgPrefix=NCMC&caseNum=1279365&seqNum=1","description":"KIMBERLY LOPEZ, Age Now: 4, Missing: 07/01/2015. Missing From OXNARD, CA. ANYONE HAVING INFORMATION SHOULD CONTACT: Oxnard Police Department (California) 1-805-385-7662.","location":"OXNARD, CA","title":"Missing: KIMBERLY LOPEZ (CA)"},
{"date":"06/25/2008","link":"http://www.missingkids.com/missingkids/servlet/PubCaseSearchServlet?act=viewChildDetail&LanguageCountry=en_US&searchLang=en_US&caseLang=en_US&orgPrefix=NCMC&caseNum=1274753&seqNum=1","description":"ESTEFANI CASTRO, Age Now: 23, Missing: 06/25/2008. Missing From LOS ANGELES, CA. ANYONE HAVING INFORMATION SHOULD CONTACT: Los Angeles Police Department   (California)  1-877-275-5273.","location":"LOS ANGELES, CA","title":"Missing: ESTEFANI CASTRO (CA)"},
{"date":"08/14/2016","link":"http://www.missingkids.com/missingkids/servlet/PubCaseSearchServlet?act=viewChildDetail&LanguageCountry=en_US&searchLang=en_US&caseLang=en_US&orgPrefix=NCMC&caseNum=1276808&seqNum=1","description":"JULIA IBANEZ, Age Now: 18, Missing: 08/14/2016. Missing From NORTH HILLS, CA. ANYONE HAVING INFORMATION SHOULD CONTACT: Los Angeles Police Department (California) 1-877-275-5273.","location":"NORTH HILLS, CA","title":"Missing: JULIA IBANEZ (CA)"},
{"date":"04/27/2014","link":"http://www.missingkids.com/missingkids/servlet/PubCaseSearchServlet?act=viewChildDetail&LanguageCountry=en_US&searchLang=en_US&caseLang=en_US&orgPrefix=NCMC&caseNum=1246617&seqNum=1","description":"TONY SOLIZ, Age Now: 17, Missing: 04/27/2014. Missing From LOS ANGELES, CA. ANYONE HAVING INFORMATION SHOULD CONTACT: Los Angeles Police Department (California) 1-877-275-5273.","location":"LOS ANGELES, CA","title":"Missing: TONY SOLIZ (CA)"},
{"date":"06/09/2016","link":"http://www.missingkids.com/missingkids/servlet/PubCaseSearchServlet?act=viewChildDetail&LanguageCountry=en_US&searchLang=en_US&caseLang=en_US&orgPrefix=NCMC&caseNum=1279688&seqNum=1","description":"XAVIER LOGAN, Age Now: 17, Missing: 06/09/2016. Missing From TORRANCE, CA. ANYONE HAVING INFORMATION SHOULD CONTACT: Torrance Police Department (California) 1-310-618-5641.","location":"TORRANCE, CA","title":"Missing: XAVIER LOGAN (CA)"},
{"date":"09/24/2016","link":"http://www.missingkids.com/missingkids/servlet/PubCaseSearchServlet?act=viewChildDetail&LanguageCountry=en_US&searchLang=en_US&caseLang=en_US&orgPrefix=NCMC&caseNum=1279492&seqNum=1","description":"BRIANNA LOPEZ, Age Now: 17, Missing: 09/24/2016. Missing From BELLFLOWER, CA. ANYONE HAVING INFORMATION SHOULD CONTACT: Los Angeles County Sheriff's Office (California) 1-562-623-3500.","location":"BELLFLOWER, CA","title":"Missing: BRIANNA LOPEZ (CA)"},
{"date":"09/08/2016","link":"http://www.missingkids.com/missingkids/servlet/PubCaseSearchServlet?act=viewChildDetail&LanguageCountry=en_US&searchLang=en_US&caseLang=en_US&orgPrefix=NCMC&caseNum=1278859&seqNum=1","description":"STAR WHITEHEAD, Age Now: 16, Missing: 09/08/2016. Missing From VISTA, CA. ANYONE HAVING INFORMATION SHOULD CONTACT: San Diego County Sheriff's Office (California) 1-858-565-5200.","location":"VISTA, CA","title":"Missing: STAR WHITEHEAD (CA)"},
{"date":"06/13/2016","link":"http://www.missingkids.com/missingkids/servlet/PubCaseSearchServlet?act=viewChildDetail&LanguageCountry=en_US&searchLang=en_US&caseLang=en_US&orgPrefix=NCMC&caseNum=1274024&seqNum=1","description":"STEPHANIE ROMERO, Age Now: 17, Missing: 06/13/2016. Missing From LOS ANGELES, CA. ANYONE HAVING INFORMATION SHOULD CONTACT: Los Angeles Police Department (California) 1-877-275-5273.","location":"LOS ANGELES, CA","title":"Missing: STEPHANIE ROMERO (CA)"},
{"date":"10/03/2016","link":"http://www.missingkids.com/missingkids/servlet/PubCaseSearchServlet?act=viewChildDetail&LanguageCountry=en_US&searchLang=en_US&caseLang=en_US&orgPrefix=NCMC&caseNum=1280249&seqNum=1","description":"JENNIFER BERNAL, Age Now: 14, Missing: 10/03/2016. Missing From CHULA VISTA, CA. ANYONE HAVING INFORMATION SHOULD CONTACT: Chula Vista Police Department (California)  1-619-691-5151.","location":"CHULA VISTA, CA","title":"Missing: JENNIFER BERNAL (CA)"},
{"date":"07/28/2015","link":"http://www.missingkids.com/missingkids/servlet/PubCaseSearchServlet?act=viewChildDetail&LanguageCountry=en_US&searchLang=en_US&caseLang=en_US&orgPrefix=NCMC&caseNum=1279292&seqNum=1","description":"CYNTHIA BRAVO, Age Now: 16, Missing: 07/28/2015. Missing From PALMDALE, CA. ANYONE HAVING INFORMATION SHOULD CONTACT: Los Angeles County Sheriff's Office (California) 1-661-272-2400.","location":"PALMDALE, CA","title":"Missing: CYNTHIA BRAVO (CA)"},
{"date":"10/16/2016","link":"http://www.missingkids.com/missingkids/servlet/PubCaseSearchServlet?act=viewChildDetail&LanguageCountry=en_US&searchLang=en_US&caseLang=en_US&orgPrefix=NCMC&caseNum=1279730&seqNum=1","description":"ENRIQUE RIOS, Age Now: 17, Missing: 10/16/2016. Missing From ESPARTO, CA. ANYONE HAVING INFORMATION SHOULD CONTACT: Yolo County Sheriff's Office (California) 1-530-666-8282.","location":"ESPARTO, CA","title":"Missing: ENRIQUE RIOS (CA)"},
{"date":"08/19/2016","link":"http://www.missingkids.com/missingkids/servlet/PubCaseSearchServlet?act=viewChildDetail&LanguageCountry=en_US&searchLang=en_US&caseLang=en_US&orgPrefix=NCMC&caseNum=1279465&seqNum=1","description":"EBONY MCKINNEY, Age Now: 17, Missing: 08/19/2016. Missing From LOS ANGELES, CA. ANYONE HAVING INFORMATION SHOULD CONTACT: Los Angeles Police Department (California) 1-877-275-5273.","location":"LOS ANGELES, CA","title":"Missing: EBONY MCKINNEY (CA)"},
{"date":"07/27/2016","link":"http://www.missingkids.com/missingkids/servlet/PubCaseSearchServlet?act=viewChildDetail&LanguageCountry=en_US&searchLang=en_US&caseLang=en_US&orgPrefix=NCMC&caseNum=1279631&seqNum=1","description":"JAKE KRAUSS-EMDY, Age Now: 17, Missing: 07/27/2016. Missing From OXNARD, CA. ANYONE HAVING INFORMATION SHOULD CONTACT: Oxnard Police Department (California)  1-805-385-7740.","location":"OXNARD, CA","title":"Missing: JAKE KRAUSS-EMDY (CA)"},
{"date":"07/22/2016","link":"http://www.missingkids.com/missingkids/servlet/PubCaseSearchServlet?act=viewChildDetail&LanguageCountry=en_US&searchLang=en_US&caseLang=en_US&orgPrefix=NCMC&caseNum=1275316&seqNum=1","description":"ELIZABETH YOUNG, Age Now: 18, Missing: 07/22/2016. Missing From LA VERNE, CA. ANYONE HAVING INFORMATION SHOULD CONTACT: La Verne Police Department (California) 1-909-596-1913.","location":"LA VERNE, CA","title":"Missing: ELIZABETH YOUNG (CA)"},
{"date":"09/01/2016","link":"http://www.missingkids.com/missingkids/servlet/PubCaseSearchServlet?act=viewChildDetail&LanguageCountry=en_US&searchLang=en_US&caseLang=en_US&orgPrefix=NCMC&caseNum=1278957&seqNum=1","description":"KASEY SNYDER, Age Now: 15, Missing: 09/01/2016. Missing From LA VERNE, CA. ANYONE HAVING INFORMATION SHOULD CONTACT: Los Angeles County Sheriff's Office  (California)  1-909-450-2700.","location":"LA VERNE, CA","title":"Missing: KASEY SNYDER (CA)"},
{"date":"10/15/2016","link":"http://www.missingkids.com/missingkids/servlet/PubCaseSearchServlet?act=viewChildDetail&LanguageCountry=en_US&searchLang=en_US&caseLang=en_US&orgPrefix=NCMC&caseNum=1279462&seqNum=1","description":"DARBI DILLON, Age Now: 16, Missing: 10/15/2016. Missing From FAIRFIELD, CA. ANYONE HAVING INFORMATION SHOULD CONTACT: Fairfield Police Department (California) 1-707-428-7300.","location":"FAIRFIELD, CA","title":"Missing: DARBI DILLON (CA)"},
{"date":"01/01/1976","link":"http://www.missingkids.com/missingkids/servlet/PubCaseSearchServlet?act=viewChildDetail&LanguageCountry=en_US&searchLang=en_US&caseLang=en_US&orgPrefix=NCMC&caseNum=1154470&seqNum=1","description":"SARAH TOKIER, Age Now: 56, Missing: 01/01/1976. Missing From MONTEBELLO, CA. ANYONE HAVING INFORMATION SHOULD CONTACT: San Bernardino County Sheriff's Office  (California)  1-760-366-4175.","location":"MONTEBELLO, CA","title":"Missing: SARAH TOKIER (CA)"},
{"date":"08/31/2016","link":"http://www.missingkids.com/missingkids/servlet/PubCaseSearchServlet?act=viewChildDetail&LanguageCountry=en_US&searchLang=en_US&caseLang=en_US&orgPrefix=NCMC&caseNum=1276550&seqNum=1","description":"JORGE ORIZABEL GOMEZ, Age Now: 18, Missing: 08/31/2016. Missing From POMONA, CA. ANYONE HAVING INFORMATION SHOULD CONTACT: Pomona Police Department (California) 1-909-620-1241.","location":"POMONA, CA","title":"Missing: JORGE ORIZABEL GOMEZ (CA)"},
{"date":"10/11/2016","link":"http://www.missingkids.com/missingkids/servlet/PubCaseSearchServlet?act=viewChildDetail&LanguageCountry=en_US&searchLang=en_US&caseLang=en_US&orgPrefix=NCMC&caseNum=1278911&seqNum=1","description":"BELTER LOPEZ, Age Now: 17, Missing: 10/11/2016. Missing From GUSTINE, CA. ANYONE HAVING INFORMATION SHOULD CONTACT: Sacramento Police Department (California)  1-916-808-0621.","location":"GUSTINE, CA","title":"Missing: BELTER LOPEZ (CA)"},
{"date":"10/11/2016","link":"http://www.missingkids.com/missingkids/servlet/PubCaseSearchServlet?act=viewChildDetail&LanguageCountry=en_US&searchLang=en_US&caseLang=en_US&orgPrefix=NCMC&caseNum=1278804&seqNum=1","description":"VICTOR JIMENEZ CINTILLO, Age Now: 17, Missing: 10/11/2016. Missing From FULLERTON, CA. ANYONE HAVING INFORMATION SHOULD CONTACT: Fullerton Police Department (California)  1-714-738-6700.","location":"FULLERTON, CA","title":"Missing: VICTOR JIMENEZ CINTILLO (CA)"},
{"date":"03/07/2014","link":"http://www.missingkids.com/missingkids/servlet/PubCaseSearchServlet?act=viewChildDetail&LanguageCountry=en_US&searchLang=en_US&caseLang=en_US&orgPrefix=NCMC&caseNum=1232405&seqNum=1","description":"ANGELINA DELUCA, Age Now: 4, Missing: 03/07/2014. Missing From MORENO VALLEY, CA. ANYONE HAVING INFORMATION SHOULD CONTACT: Riverside County Sheriff's Office  (California)  1-951-776-1099.","location":"MORENO VALLEY, CA","title":"Missing: ANGELINA DELUCA (CA)"},
{"date":"05/26/2016","link":"http://www.missingkids.com/missingkids/servlet/PubCaseSearchServlet?act=viewChildDetail&LanguageCountry=en_US&searchLang=en_US&caseLang=en_US&orgPrefix=NCMC&caseNum=1276417&seqNum=1","description":"DANNY RAMIREZ, Age Now: 17, Missing: 05/26/2016. Missing From LOS ANGELES, CA. ANYONE HAVING INFORMATION SHOULD CONTACT: Los Angeles Police Department (California) 1-877-275-5273.","location":"LOS ANGELES, CA","title":"Missing: DANNY RAMIREZ (CA)"},
{"date":"08/21/2016","link":"http://www.missingkids.com/missingkids/servlet/PubCaseSearchServlet?act=viewChildDetail&LanguageCountry=en_US&searchLang=en_US&caseLang=en_US&orgPrefix=NCMC&caseNum=1277224&seqNum=1","description":"ELIJAH COPELAND, Age Now: 18, Missing: 08/21/2016. Missing From PACOIMA, CA. ANYONE HAVING INFORMATION SHOULD CONTACT: Los Angeles Police Department (California) 1-877-275-5273.","location":"PACOIMA, CA","title":"Missing: ELIJAH COPELAND (CA)"},
{"date":"07/11/1978","link":"http://www.missingkids.com/missingkids/servlet/PubCaseSearchServlet?act=viewChildDetail&LanguageCountry=en_US&searchLang=en_US&caseLang=en_US&orgPrefix=NCMC&caseNum=1266342&seqNum=1","description":"RICHARD HOUGHLAND, Age Now: 47, Missing: 07/11/1978. Missing From SACRAMENTO, CA. ANYONE HAVING INFORMATION SHOULD CONTACT: Sacramento Police Department (California) 1-916-264-5471.","location":"SACRAMENTO, CA","title":"Missing: RICHARD HOUGHLAND (CA)"},
{"date":"07/11/1978","link":"http://www.missingkids.com/missingkids/servlet/PubCaseSearchServlet?act=viewChildDetail&LanguageCountry=en_US&searchLang=en_US&caseLang=en_US&orgPrefix=NCMC&caseNum=1266342&seqNum=2","description":"THOMAS HOUGHLAND, Age Now: 44, Missing: 07/11/1978. Missing From SACRAMENTO, CA. ANYONE HAVING INFORMATION SHOULD CONTACT: Sacramento Police Department (California) 1-916-264-5471.","location":"SACRAMENTO, CA","title":"Missing: THOMAS HOUGHLAND (CA)"},
{"date":"06/01/2015","link":"http://www.missingkids.com/missingkids/servlet/PubCaseSearchServlet?act=viewChildDetail&LanguageCountry=en_US&searchLang=en_US&caseLang=en_US&orgPrefix=NCMC&caseNum=1265151&seqNum=1","description":"PHILLIP HOLMAN, Age Now: 6, Missing: 06/01/2015. Missing From BANNING, CA. ANYONE HAVING INFORMATION SHOULD CONTACT: Banning City Police Department  (California)  1-951-922-3170.","location":"BANNING, CA","title":"Missing: PHILLIP HOLMAN (CA)"},
{"date":"06/26/1987","link":"http://www.missingkids.com/missingkids/servlet/PubCaseSearchServlet?act=viewChildDetail&LanguageCountry=en_US&searchLang=en_US&caseLang=en_US&orgPrefix=NCMC&caseNum=604156&seqNum=1","description":"ELAINA RIVERA, Age Now: 42, Missing: 06/26/1987. Missing From RAMONA, CA. ANYONE HAVING INFORMATION SHOULD CONTACT: San Diego County Sheriff's Office (California)  1-858-565-5200.","location":"RAMONA, CA","title":"Missing: ELAINA RIVERA (CA)"},
{"date":"06/23/2006","link":"http://www.missingkids.com/missingkids/servlet/PubCaseSearchServlet?act=viewChildDetail&LanguageCountry=en_US&searchLang=en_US&caseLang=en_US&orgPrefix=NCMC&caseNum=1051220&seqNum=1","description":"DIANA MAZARIEGOS, Age Now: 25, Missing: 06/23/2006. Missing From FONTANA, CA. ANYONE HAVING INFORMATION SHOULD CONTACT: Fontana Police Department (California)  1-909-350-7740.","location":"FONTANA, CA","title":"Missing: DIANA MAZARIEGOS (CA)"},
{"date":"02/01/2006","link":"http://www.missingkids.com/missingkids/servlet/PubCaseSearchServlet?act=viewChildDetail&LanguageCountry=en_US&searchLang=en_US&caseLang=en_US&orgPrefix=NCMC&caseNum=1046946&seqNum=1","description":"HANNAH POBURSKY, Age Now: 11, Missing: 02/01/2006. Missing From OAKHURST, CA. ANYONE HAVING INFORMATION SHOULD CONTACT: Madera County District Attorney's Office (California) 1-559-675-7726 (Daytime) Or 1-559-675-7770 (Nighttime).","location":"OAKHURST, CA","title":"Missing: HANNAH POBURSKY (CA)"},
{"date":"04/04/2011","link":"http://www.missingkids.com/missingkids/servlet/PubCaseSearchServlet?act=viewChildDetail&LanguageCountry=en_US&searchLang=en_US&caseLang=en_US&orgPrefix=NCMC&caseNum=1169490&seqNum=1","description":"NATHAN ARCE-MARTINEZ, Age Now: 10, Missing: 04/04/2011. Missing From SACRAMENTO, CA. ANYONE HAVING INFORMATION SHOULD CONTACT: Sacramento County District Attorney's Office - Child Abduction Unit (California) 1-916-876-4911.","location":"SACRAMENTO, CA","title":"Missing: NATHAN ARCE-MARTINEZ (CA)"},
{"date":"04/04/2011","link":"http://www.missingkids.com/missingkids/servlet/PubCaseSearchServlet?act=viewChildDetail&LanguageCountry=en_US&searchLang=en_US&caseLang=en_US&orgPrefix=NCMC&caseNum=1169490&seqNum=2","description":"SAVANNAH MARTINEZ, Age Now: 14, Missing: 04/04/2011. Missing From SACRAMENTO, CA. ANYONE HAVING INFORMATION SHOULD CONTACT: Sacramento County District Attorney's Office - Child Abduction Unit (California) 1-916-876-4911.","location":"SACRAMENTO, CA","title":"Missing: SAVANNAH MARTINEZ (CA)"},
{"date":"05/09/2014","link":"http://www.missingkids.com/missingkids/servlet/PubCaseSearchServlet?act=viewChildDetail&LanguageCountry=en_US&searchLang=en_US&caseLang=en_US&orgPrefix=NCMC&caseNum=1247838&seqNum=1","description":"KAREN AMAYA, Age Now: 18, Missing: 05/09/2014. Missing From LOS ANGELES, CA. ANYONE HAVING INFORMATION SHOULD CONTACT: Los Angeles Police Department (California) 1-877-275-5273.","location":"LOS ANGELES, CA","title":"Missing: KAREN AMAYA (CA)"},
{"date":"02/26/2014","link":"http://www.missingkids.com/missingkids/servlet/PubCaseSearchServlet?act=viewChildDetail&LanguageCountry=en_US&searchLang=en_US&caseLang=en_US&orgPrefix=NCMC&caseNum=1243182&seqNum=1","description":"ASHLEY CERON, Age Now: 19, Missing: 02/26/2014. Missing From LITTLEROCK, CA. ANYONE HAVING INFORMATION SHOULD CONTACT: Los Angeles County Sheriff's Office (California) 1-661-272-2400.","location":"LITTLEROCK, CA","title":"Missing: ASHLEY CERON (CA)"},
{"date":"12/06/1991","link":"http://www.missingkids.com/missingkids/servlet/PubCaseSearchServlet?act=viewChildDetail&LanguageCountry=en_US&searchLang=en_US&caseLang=en_US&orgPrefix=NCMC&caseNum=762587&seqNum=1","description":"MARCUS FARINA, Age Now: 25, Missing: 12/06/1991. Missing From HOLLYWOOD, CA. ANYONE HAVING INFORMATION SHOULD CONTACT: Los Angeles Police Department (California) 1-213-485-2603.","location":"HOLLYWOOD, CA","title":"Missing: MARCUS FARINA (CA)"},
{"date":"07/25/2016","link":"http://www.missingkids.com/missingkids/servlet/PubCaseSearchServlet?act=viewChildDetail&LanguageCountry=en_US&searchLang=en_US&caseLang=en_US&orgPrefix=NCMC&caseNum=1276912&seqNum=1","description":"EVELYN AGUILAR, Age Now: 17, Missing: 07/25/2016. Missing From WILMINGTON, CA. ANYONE HAVING INFORMATION SHOULD CONTACT: Los Angeles Police Department  (California)  1-877-275-5273.","location":"WILMINGTON, CA","title":"Missing: EVELYN AGUILAR (CA)"}
]